"CanonicalURL","Occurrences","File","Line","OriginalURL"
"evilcharts.com/","9","README.md","37","https://evilcharts.com/"
"evilcharts.com/","9","demos\demo-links.md","7","https://evilcharts.com/"
"evilcharts.com/","9","guides\resource-format.md","8","https://evilcharts.com/"
"evilcharts.com/","9","resources\curated-resources.md","9","https://evilcharts.com/"
"evilcharts.com/","9","resources\new-resources.md","11","https://evilcharts.com/"
"evilcharts.com/","9","resources\website-directory.md","162","https://evilcharts.com/"
"evilcharts.com/","9","resources\website-directory.md","162","https://evilcharts.com/"
"evilcharts.com/","9","ui\charts.md","5","https://evilcharts.com/"
"evilcharts.com/","9","videos\ui-demos.md","10","https://evilcharts.com/"
"forgeui.in/","6","README.md","38","https://forgeui.in/"
"forgeui.in/","6","resources\curated-resources.md","10","https://forgeui.in/"
"forgeui.in/","6","resources\new-resources.md","12","https://forgeui.in/"
"forgeui.in/","6","resources\website-directory.md","173","https://forgeui.in/"
"forgeui.in/","6","resources\website-directory.md","173","https://forgeui.in/"
"forgeui.in/","6","ui\ui-generators.md","10","https://forgeui.in/"
"skiper-ui.com/","7","README.md","39","https://skiper-ui.com/"
"skiper-ui.com/","7","resources\curated-resources.md","11","https://skiper-ui.com/"
"skiper-ui.com/","7","resources\new-resources.md","13","https://skiper-ui.com/"
"skiper-ui.com/","7","resources\website-directory.md","420","https://skiper-ui.com/"
"skiper-ui.com/","7","resources\website-directory.md","420","https://skiper-ui.com/"
"skiper-ui.com/","7","ui\animations.md","14","https://skiper-ui.com/"
"skiper-ui.com/","7","ui\ui-generators.md","11","https://skiper-ui.com/"
"cult-ui.com/","6","README.md","40","https://www.cult-ui.com/"
"cult-ui.com/","6","resources\curated-resources.md","12","https://www.cult-ui.com/"
"cult-ui.com/","6","resources\new-resources.md","14","https://www.cult-ui.com/"
"cult-ui.com/","6","resources\website-directory.md","119","https://www.cult-ui.com/"
"cult-ui.com/","6","resources\website-directory.md","119","https://www.cult-ui.com/"
"cult-ui.com/","6","ui\ui-generators.md","9","https://www.cult-ui.com/"
"ui.shadcn.com/","9","README.md","41","https://ui.shadcn.com/"
"ui.shadcn.com/","9","demos\demo-links.md","8","https://ui.shadcn.com/"
"ui.shadcn.com/","9","frontend\libraries.md","9","https://ui.shadcn.com/"
"ui.shadcn.com/","9","resources\curated-resources.md","13","https://ui.shadcn.com/"
"ui.shadcn.com/","9","resources\new-resources.md","57","https://ui.shadcn.com/"
"ui.shadcn.com/","9","resources\website-directory.md","405","https://ui.shadcn.com/"
"ui.shadcn.com/","9","resources\website-directory.md","405","https://ui.shadcn.com/"
"ui.shadcn.com/","9","ui\component-libraries.md","5","https://ui.shadcn.com/"
"ui.shadcn.com/","9","videos\ui-demos.md","11","https://ui.shadcn.com/"
"21st.dev/","6","README.md","42","https://21st.dev/"
"21st.dev/","6","resources\curated-resources.md","14","https://21st.dev/"
"21st.dev/","6","resources\new-resources.md","58","https://21st.dev/"
"21st.dev/","6","resources\website-directory.md","14","https://21st.dev/"
"21st.dev/","6","resources\website-directory.md","14","https://21st.dev/"
"21st.dev/","6","ui\ui-generators.md","12","https://21st.dev/"
"ui.aceternity.com/","7","README.md","43","https://ui.aceternity.com/"
"ui.aceternity.com/","7","demos\demo-links.md","10","https://ui.aceternity.com/"
"ui.aceternity.com/","7","resources\curated-resources.md","15","https://ui.aceternity.com/"
"ui.aceternity.com/","7","resources\new-resources.md","60","https://ui.aceternity.com/"
"ui.aceternity.com/","7","resources\website-directory.md","21","https://ui.aceternity.com/"
"ui.aceternity.com/","7","resources\website-directory.md","21","https://ui.aceternity.com/"
"ui.aceternity.com/","7","ui\ui-generators.md","13","https://ui.aceternity.com/"
"magicui.design/","9","README.md","44","https://magicui.design/"
"magicui.design/","9","demos\demo-links.md","11","https://magicui.design/"
"magicui.design/","9","demos\demo-links.md","11","https://magicui.design/"
"magicui.design/","9","resources\curated-resources.md","16","https://magicui.design/"
"magicui.design/","9","resources\new-resources.md","61","https://magicui.design/"
"magicui.design/","9","resources\website-directory.md","274","https://magicui.design/"
"magicui.design/","9","resources\website-directory.md","274","https://magicui.design/"
"magicui.design/","9","ui\animations.md","13","https://magicui.design/"
"magicui.design/","9","ui\ui-generators.md","8","https://magicui.design/"
"motion-primitives.com/","5","README.md","45","https://motion-primitives.com/"
"motion-primitives.com/","5","resources\curated-resources.md","17","https://motion-primitives.com/"
"motion-primitives.com/","5","resources\new-resources.md","62","https://motion-primitives.com/"
"motion-primitives.com/","5","resources\website-directory.md","291","https://motion-primitives.com/"
"motion-primitives.com/","5","resources\website-directory.md","291","https://motion-primitives.com/"
"reactbits.dev/","9","README.md","46","https://reactbits.dev/"
"reactbits.dev/","9","demos\demo-links.md","9","https://reactbits.dev/"
"reactbits.dev/","9","demos\demo-links.md","9","https://reactbits.dev/"
"reactbits.dev/","9","resources\curated-resources.md","18","https://reactbits.dev/"
"reactbits.dev/","9","resources\new-resources.md","131","https://reactbits.dev/"
"reactbits.dev/","9","resources\website-directory.md","365","https://reactbits.dev/"
"reactbits.dev/","9","resources\website-directory.md","365","https://reactbits.dev/"
"reactbits.dev/","9","ui\animations.md","12","https://reactbits.dev/"
"reactbits.dev/","9","ui\ui-generators.md","14","https://reactbits.dev/"
"markodenic.com/tools","4","README.md","50","https://markodenic.com/tools/"
"markodenic.com/tools","4","frontend\developer-tools.md","14","https://markodenic.com/tools/"
"markodenic.com/tools","4","resources\curated-resources.md","24","https://markodenic.com/tools/"
"markodenic.com/tools","4","resources\new-resources.md","133","https://markodenic.com/tools/"
"ohmygit.org/","4","README.md","51","https://ohmygit.org/"
"ohmygit.org/","4","frontend\developer-tools.md","15","https://ohmygit.org/"
"ohmygit.org/","4","resources\curated-resources.md","25","https://ohmygit.org/"
"ohmygit.org/","4","resources\new-resources.md","134","https://ohmygit.org/"
"k8sgames.com/","4","README.md","52","https://k8sgames.com/"
"k8sgames.com/","4","frontend\developer-tools.md","16","https://k8sgames.com/"
"k8sgames.com/","4","resources\curated-resources.md","26","https://k8sgames.com/"
"k8sgames.com/","4","resources\new-resources.md","135","https://k8sgames.com/"
"overthewire.org/wargames","4","README.md","53","https://overthewire.org/wargames/"
"overthewire.org/wargames","4","frontend\developer-tools.md","17","https://overthewire.org/wargames/"
"overthewire.org/wargames","4","resources\curated-resources.md","27","https://overthewire.org/wargames/"
"overthewire.org/wargames","4","resources\new-resources.md","136","https://overthewire.org/wargames/"
"codecombat.com/","4","README.md","54","https://codecombat.com/"
"codecombat.com/","4","frontend\developer-tools.md","18","https://codecombat.com/"
"codecombat.com/","4","resources\curated-resources.md","28","https://codecombat.com/"
"codecombat.com/","4","resources\new-resources.md","137","https://codecombat.com/"
"devops.games/","4","README.md","55","https://devops.games/"
"devops.games/","4","frontend\developer-tools.md","19","https://devops.games/"
"devops.games/","4","resources\curated-resources.md","29","https://devops.games/"
"devops.games/","4","resources\new-resources.md","138","https://devops.games/"
"picoctf.org/","4","README.md","56","https://picoctf.org/"
"picoctf.org/","4","frontend\developer-tools.md","20","https://picoctf.org/"
"picoctf.org/","4","resources\curated-resources.md","30","https://picoctf.org/"
"picoctf.org/","4","resources\new-resources.md","139","https://picoctf.org/"
"evilcharts.com/docs/recharts/area-chart/static","2","demos\demo-links.md","7","https://evilcharts.com/docs/recharts/area-chart/static"
"evilcharts.com/docs/recharts/area-chart/static","2","guides\resource-format.md","12","https://evilcharts.com/docs/recharts/area-chart/static"
"animista.net/","2","frontend\css.md","10","https://animista.net/"
"animista.net/","2","ui\animations.md","11","https://animista.net/"
"mui.com/","2","frontend\libraries.md","5","https://mui.com/"
"mui.com/","2","ui\component-libraries.md","6","https://mui.com/"
"ant.design/","2","frontend\libraries.md","6","https://ant.design/"
"ant.design/","2","ui\component-libraries.md","7","https://ant.design/"
"chakra-ui.com/","2","frontend\libraries.md","7","https://chakra-ui.com/"
"chakra-ui.com/","2","ui\component-libraries.md","9","https://chakra-ui.com/"
"radix-ui.com/","2","frontend\libraries.md","8","https://www.radix-ui.com/"
"radix-ui.com/","2","ui\component-libraries.md","10","https://www.radix-ui.com/"
"recharts.org/","2","frontend\libraries.md","11","https://recharts.org/"
"recharts.org/","2","ui\charts.md","6","https://recharts.org/"
"d3js.org/","2","frontend\libraries.md","12","https://d3js.org/"
"d3js.org/","2","ui\charts.md","11","https://d3js.org/"
"motion.dev/","2","frontend\libraries.md","13","https://motion.dev/"
"motion.dev/","2","ui\animations.md","5","https://motion.dev/"
"evilcharts.com/docs","2","guides\resource-format.md","11","https://evilcharts.com/docs"
"evilcharts.com/docs","2","resources\curated-resources.md","9","https://evilcharts.com/docs"
"awwwards.com/","5","inspiration\design-inspiration.md","28","https://www.awwwards.com"
"awwwards.com/","5","inspiration\portfolio-inspiration.md","5","https://www.awwwards.com/"
"awwwards.com/","5","inspiration\website-inspiration.md","5","https://www.awwwards.com/"
"awwwards.com/","5","resources\website-directory.md","48","https://www.awwwards.com"
"awwwards.com/","5","resources\website-directory.md","48","https://www.awwwards.com"
"godly.website/","4","inspiration\design-inspiration.md","29","https://godly.website"
"godly.website/","4","inspiration\website-inspiration.md","6","https://godly.website/"
"godly.website/","4","resources\website-directory.md","197","https://godly.website"
"godly.website/","4","resources\website-directory.md","197","https://godly.website"
"dark.design/","3","inspiration\design-inspiration.md","30","https://dark.design"
"dark.design/","3","resources\website-directory.md","126","https://dark.design"
"dark.design/","3","resources\website-directory.md","126","https://dark.design"
"refero.design/","4","inspiration\design-inspiration.md","31","https://refero.design"
"refero.design/","4","inspiration\landing-pages.md","11","https://refero.design/"
"refero.design/","4","resources\website-directory.md","370","https://refero.design"
"refero.design/","4","resources\website-directory.md","370","https://refero.design"
"cosmos.so/","3","inspiration\design-inspiration.md","32","https://www.cosmos.so"
"cosmos.so/","3","resources\website-directory.md","110","https://www.cosmos.so"
"cosmos.so/","3","resources\website-directory.md","110","https://www.cosmos.so"
"httpster.net/","4","inspiration\design-inspiration.md","33","https://httpster.net"
"httpster.net/","4","inspiration\website-inspiration.md","8","https://httpster.net/"
"httpster.net/","4","resources\website-directory.md","212","https://httpster.net"
"httpster.net/","4","resources\website-directory.md","212","https://httpster.net"
"cssdesignawards.com/","3","inspiration\design-inspiration.md","34","https://www.cssdesignawards.com"
"cssdesignawards.com/","3","resources\website-directory.md","115","https://www.cssdesignawards.com"
"cssdesignawards.com/","3","resources\website-directory.md","115","https://www.cssdesignawards.com"
"darkmodedesign.com/","3","inspiration\design-inspiration.md","35","https://www.darkmodedesign.com"
"darkmodedesign.com/","3","resources\website-directory.md","127","https://www.darkmodedesign.com"
"darkmodedesign.com/","3","resources\website-directory.md","127","https://www.darkmodedesign.com"
"itsnicethat.com/","3","inspiration\design-inspiration.md","36","https://www.itsnicethat.com"
"itsnicethat.com/","3","resources\website-directory.md","224","https://www.itsnicethat.com"
"itsnicethat.com/","3","resources\website-directory.md","224","https://www.itsnicethat.com"
"a1.gallery/","4","inspiration\design-inspiration.md","37","https://www.a1.gallery/"
"a1.gallery/","4","resources\new-resources.md","44","https://www.a1.gallery/"
"a1.gallery/","4","resources\website-directory.md","18","https://www.a1.gallery/"
"a1.gallery/","4","resources\website-directory.md","18","https://www.a1.gallery/"
"calltoinspiration.com/","3","inspiration\design-inspiration.md","38","https://calltoinspiration.com/"
"calltoinspiration.com/","3","resources\website-directory.md","86","https://calltoinspiration.com/"
"calltoinspiration.com/","3","resources\website-directory.md","86","https://calltoinspiration.com/"
"commercecream.com/","3","inspiration\design-inspiration.md","39","https://commercecream.com/"
"commercecream.com/","3","resources\website-directory.md","103","https://commercecream.com/"
"commercecream.com/","3","resources\website-directory.md","103","https://commercecream.com/"
"curated.supply/","3","inspiration\design-inspiration.md","40","https://www.curated.supply/"
"curated.supply/","3","resources\website-directory.md","120","https://www.curated.supply/"
"curated.supply/","3","resources\website-directory.md","120","https://www.curated.supply/"
"curationofcurations.com/","3","inspiration\design-inspiration.md","41","https://www.curationofcurations.com/"
"curationofcurations.com/","3","resources\website-directory.md","121","https://www.curationofcurations.com/"
"curationofcurations.com/","3","resources\website-directory.md","121","https://www.curationofcurations.com/"
"delights.design/","3","inspiration\design-inspiration.md","42","https://delights.design/"
"delights.design/","3","resources\website-directory.md","133","https://delights.design/"
"delights.design/","3","resources\website-directory.md","133","https://delights.design/"
"deck.gallery/","3","inspiration\design-inspiration.md","43","https://www.deck.gallery/"
"deck.gallery/","3","resources\website-directory.md","131","https://www.deck.gallery/"
"deck.gallery/","3","resources\website-directory.md","131","https://www.deck.gallery/"
"detail.design/","3","inspiration\design-inspiration.md","44","https://detail.design/"
"detail.design/","3","resources\website-directory.md","141","https://detail.design/"
"detail.design/","3","resources\website-directory.md","141","https://detail.design/"
"freelancethings.co/","3","inspiration\design-inspiration.md","45","https://www.freelancethings.co/"
"freelancethings.co/","3","resources\website-directory.md","182","https://www.freelancethings.co/"
"freelancethings.co/","3","resources\website-directory.md","182","https://www.freelancethings.co/"
"gatheros.co/","3","inspiration\design-inspiration.md","46","https://www.gatheros.co/"
"gatheros.co/","3","resources\website-directory.md","189","https://www.gatheros.co/"
"gatheros.co/","3","resources\website-directory.md","189","https://www.gatheros.co/"
"recent.design/","3","inspiration\design-inspiration.md","47","http://recent.design/"
"recent.design/","3","resources\website-directory.md","368","http://recent.design/"
"recent.design/","3","resources\website-directory.md","368","http://recent.design/"
"h1gallery.com/","3","inspiration\design-inspiration.md","48","https://h1gallery.com/"
"h1gallery.com/","3","resources\website-directory.md","204","https://h1gallery.com/"
"h1gallery.com/","3","resources\website-directory.md","204","https://h1gallery.com/"
"hyperframer.com/","3","inspiration\design-inspiration.md","49","https://www.hyperframer.com/"
"hyperframer.com/","3","resources\website-directory.md","213","https://www.hyperframer.com/"
"hyperframer.com/","3","resources\website-directory.md","213","https://www.hyperframer.com/"
"kosmik.app/","3","inspiration\design-inspiration.md","50","https://www.kosmik.app/"
"kosmik.app/","3","resources\website-directory.md","242","https://www.kosmik.app/"
"kosmik.app/","3","resources\website-directory.md","242","https://www.kosmik.app/"
"mymind.com/","3","inspiration\design-inspiration.md","51","https://mymind.com/"
"mymind.com/","3","resources\website-directory.md","299","https://mymind.com/"
"mymind.com/","3","resources\website-directory.md","299","https://mymind.com/"
"ogimage.gallery/","3","inspiration\design-inspiration.md","52","https://www.ogimage.gallery/"
"ogimage.gallery/","3","resources\website-directory.md","319","https://www.ogimage.gallery/"
"ogimage.gallery/","3","resources\website-directory.md","319","https://www.ogimage.gallery/"
"oss.gallery/","3","inspiration\design-inspiration.md","53","https://oss.gallery/"
"oss.gallery/","3","resources\website-directory.md","325","https://oss.gallery/"
"oss.gallery/","3","resources\website-directory.md","325","https://oss.gallery/"
"pushkeen.ai/","3","inspiration\design-inspiration.md","54","https://pushkeen.ai/"
"pushkeen.ai/","3","resources\website-directory.md","354","https://pushkeen.ai/"
"pushkeen.ai/","3","resources\website-directory.md","354","https://pushkeen.ai/"
"seesaw.website/","3","inspiration\design-inspiration.md","55","https://www.seesaw.website/"
"seesaw.website/","3","resources\website-directory.md","398","https://www.seesaw.website/"
"seesaw.website/","3","resources\website-directory.md","398","https://www.seesaw.website/"
"spottedinprod.com/","3","inspiration\design-inspiration.md","56","https://www.spottedinprod.com/"
"spottedinprod.com/","3","resources\website-directory.md","432","https://www.spottedinprod.com/"
"spottedinprod.com/","3","resources\website-directory.md","432","https://www.spottedinprod.com/"
"steep.design/","3","inspiration\design-inspiration.md","57","https://www.steep.design/"
"steep.design/","3","resources\website-directory.md","435","https://www.steep.design/"
"steep.design/","3","resources\website-directory.md","435","https://www.steep.design/"
"supahero.io/","3","inspiration\design-inspiration.md","58","https://supahero.io/"
"supahero.io/","3","resources\website-directory.md","439","https://supahero.io/"
"supahero.io/","3","resources\website-directory.md","439","https://supahero.io/"
"tinystartups.com/","3","inspiration\design-inspiration.md","59","https://www.tinystartups.com/"
"tinystartups.com/","3","resources\website-directory.md","465","https://www.tinystartups.com/"
"tinystartups.com/","3","resources\website-directory.md","465","https://www.tinystartups.com/"
"umanmade.com/","4","inspiration\design-inspiration.md","60","https://www.umanmade.com/"
"umanmade.com/","4","resources\new-resources.md","42","https://www.umanmade.com/"
"umanmade.com/","4","resources\website-directory.md","487","https://www.umanmade.com/"
"umanmade.com/","4","resources\website-directory.md","487","https://www.umanmade.com/"
"unsection.com/","3","inspiration\design-inspiration.md","61","https://www.unsection.com/"
"unsection.com/","3","resources\website-directory.md","491","https://www.unsection.com/"
"unsection.com/","3","resources\website-directory.md","491","https://www.unsection.com/"
"affinity.studio/","3","inspiration\design-inspiration.md","62","https://www.affinity.studio/"
"affinity.studio/","3","resources\website-directory.md","23","https://www.affinity.studio/"
"affinity.studio/","3","resources\website-directory.md","23","https://www.affinity.studio/"
"agentation.com/","3","inspiration\design-inspiration.md","63","https://www.agentation.com/"
"agentation.com/","3","resources\website-directory.md","25","https://www.agentation.com/"
"agentation.com/","3","resources\website-directory.md","25","https://www.agentation.com/"
"headshot-generator.ai/christmas","3","inspiration\design-inspiration.md","64","https://headshot-generator.ai/christmas"
"headshot-generator.ai/christmas","3","resources\website-directory.md","208","https://headshot-generator.ai/christmas"
"headshot-generator.ai/christmas","3","resources\website-directory.md","208","https://headshot-generator.ai/christmas"
"karis.im/","3","inspiration\design-inspiration.md","65","https://karis.im/"
"karis.im/","3","resources\website-directory.md","235","https://karis.im/"
"karis.im/","3","resources\website-directory.md","235","https://karis.im/"
"animstats.com/","3","inspiration\design-inspiration.md","66","https://www.animstats.com/"
"animstats.com/","3","resources\website-directory.md","32","https://www.animstats.com/"
"animstats.com/","3","resources\website-directory.md","32","https://www.animstats.com/"
"annot.io/","3","inspiration\design-inspiration.md","67","https://www.annot.io/"
"annot.io/","3","resources\website-directory.md","33","https://www.annot.io/"
"annot.io/","3","resources\website-directory.md","33","https://www.annot.io/"
"get.apollo.io/toolfolio","3","inspiration\design-inspiration.md","68","https://get.apollo.io/toolfolio"
"get.apollo.io/toolfolio","3","resources\website-directory.md","193","https://get.apollo.io/toolfolio"
"get.apollo.io/toolfolio","3","resources\website-directory.md","193","https://get.apollo.io/toolfolio"
"around.co/","3","inspiration\design-inspiration.md","69","https://www.around.co/"
"around.co/","3","resources\website-directory.md","41","https://www.around.co/"
"around.co/","3","resources\website-directory.md","41","https://www.around.co/"
"autodraw.com/","3","inspiration\design-inspiration.md","70","https://www.autodraw.com/"
"autodraw.com/","3","resources\website-directory.md","47","https://www.autodraw.com/"
"autodraw.com/","3","resources\website-directory.md","47","https://www.autodraw.com/"
"backblaze.com/","3","inspiration\design-inspiration.md","71","https://www.backblaze.com/"
"backblaze.com/","3","resources\website-directory.md","51","https://www.backblaze.com/"
"backblaze.com/","3","resources\website-directory.md","51","https://www.backblaze.com/"
"bentogrids.com/","3","inspiration\design-inspiration.md","72","https://bentogrids.com/"
"bentogrids.com/","3","resources\website-directory.md","59","https://bentogrids.com/"
"bentogrids.com/","3","resources\website-directory.md","59","https://bentogrids.com/"
"bio.link/","3","inspiration\design-inspiration.md","73","https://bio.link/"
"bio.link/","3","resources\website-directory.md","65","https://bio.link/"
"bio.link/","3","resources\website-directory.md","65","https://bio.link/"
"blip.net/","3","inspiration\design-inspiration.md","74","https://blip.net/"
"blip.net/","3","resources\website-directory.md","66","https://blip.net/"
"blip.net/","3","resources\website-directory.md","66","https://blip.net/"
"blipbillboards.com/","3","inspiration\design-inspiration.md","75","https://www.blipbillboards.com/"
"blipbillboards.com/","3","resources\website-directory.md","67","https://www.blipbillboards.com/"
"blipbillboards.com/","3","resources\website-directory.md","67","https://www.blipbillboards.com/"
"blitzit.app/","3","inspiration\design-inspiration.md","76","https://www.blitzit.app/"
"blitzit.app/","3","resources\website-directory.md","68","https://www.blitzit.app/"
"blitzit.app/","3","resources\website-directory.md","68","https://www.blitzit.app/"
"boomvideo.app/","3","inspiration\design-inspiration.md","77","https://www.boomvideo.app/"
"boomvideo.app/","3","resources\website-directory.md","72","https://www.boomvideo.app/"
"boomvideo.app/","3","resources\website-directory.md","72","https://www.boomvideo.app/"
"brutalistwebsites.com/","3","inspiration\design-inspiration.md","78","https://brutalistwebsites.com/"
"brutalistwebsites.com/","3","resources\website-directory.md","75","https://brutalistwebsites.com/"
"brutalistwebsites.com/","3","resources\website-directory.md","75","https://brutalistwebsites.com/"
"bryntaylor.co.uk/platform/framer","3","inspiration\design-inspiration.md","79","https://www.bryntaylor.co.uk/platform/framer"
"bryntaylor.co.uk/platform/framer","3","resources\website-directory.md","77","https://www.bryntaylor.co.uk/platform/framer"
"bryntaylor.co.uk/platform/framer","3","resources\website-directory.md","77","https://www.bryntaylor.co.uk/platform/framer"
"bugsplat.com/","3","inspiration\design-inspiration.md","80","https://www.bugsplat.com/"
"bugsplat.com/","3","resources\website-directory.md","78","https://www.bugsplat.com/"
"bugsplat.com/","3","resources\website-directory.md","78","https://www.bugsplat.com/"
"builtformars.com/","3","inspiration\design-inspiration.md","81","https://builtformars.com/"
"builtformars.com/","3","resources\website-directory.md","79","https://builtformars.com/"
"builtformars.com/","3","resources\website-directory.md","79","https://builtformars.com/"
"businessideasdb.com/","3","inspiration\design-inspiration.md","82","https://businessideasdb.com/"
"businessideasdb.com/","3","resources\website-directory.md","81","https://businessideasdb.com/"
"businessideasdb.com/","3","resources\website-directory.md","81","https://businessideasdb.com/"
"chromewebstore.google.com/detail/button-stealer/iiikidmnimlpahbeknmkeonmemajpccj","3","inspiration\design-inspiration.md","83","https://chromewebstore.google.com/detail/button-stealer/iiikidmnimlpahbeknmkeonmemajpccj"
"chromewebstore.google.com/detail/button-stealer/iiikidmnimlpahbeknmkeonmemajpccj","3","resources\website-directory.md","98","https://chromewebstore.google.com/detail/button-stealer/iiikidmnimlpahbeknmkeonmemajpccj"
"chromewebstore.google.com/detail/button-stealer/iiikidmnimlpahbeknmkeonmemajpccj","3","resources\website-directory.md","98","https://chromewebstore.google.com/detail/button-stealer/iiikidmnimlpahbeknmkeonmemajpccj"
"capacity.so/","3","inspiration\design-inspiration.md","84","https://capacity.so/"
"capacity.so/","3","resources\website-directory.md","89","https://capacity.so/"
"capacity.so/","3","resources\website-directory.md","89","https://capacity.so/"
"captioneer.com/","3","inspiration\design-inspiration.md","85","https://www.captioneer.com/"
"captioneer.com/","3","resources\website-directory.md","90","https://www.captioneer.com/"
"captioneer.com/","3","resources\website-directory.md","90","https://www.captioneer.com/"
"celtx.com/","3","inspiration\design-inspiration.md","86","https://www.celtx.com/"
"celtx.com/","3","resources\website-directory.md","93","https://www.celtx.com/"
"celtx.com/","3","resources\website-directory.md","93","https://www.celtx.com/"
"chatbase.co/","3","inspiration\design-inspiration.md","87","https://www.chatbase.co/"
"chatbase.co/","3","resources\website-directory.md","96","https://www.chatbase.co/"
"chatbase.co/","3","resources\website-directory.md","96","https://www.chatbase.co/"
"chorus.com/","3","inspiration\design-inspiration.md","88","https://chorus.com/"
"chorus.com/","3","resources\website-directory.md","97","https://chorus.com/"
"chorus.com/","3","resources\website-directory.md","97","https://chorus.com/"
"apps.apple.com/us/app/command-x/id6448461551","3","inspiration\design-inspiration.md","89","https://apps.apple.com/us/app/command-x/id6448461551"
"apps.apple.com/us/app/command-x/id6448461551","3","resources\website-directory.md","39","https://apps.apple.com/us/app/command-x/id6448461551"
"apps.apple.com/us/app/command-x/id6448461551","3","resources\website-directory.md","39","https://apps.apple.com/us/app/command-x/id6448461551"
"compresto.app/","3","inspiration\design-inspiration.md","90","https://compresto.app/"
"compresto.app/","3","resources\website-directory.md","104","https://compresto.app/"
"compresto.app/","3","resources\website-directory.md","104","https://compresto.app/"
"convert-compress.com/","3","inspiration\design-inspiration.md","91","https://convert-compress.com/"
"convert-compress.com/","3","resources\website-directory.md","106","https://convert-compress.com/"
"convert-compress.com/","3","resources\website-directory.md","106","https://convert-compress.com/"
"coolshap.es/","3","inspiration\design-inspiration.md","92","https://coolshap.es/"
"coolshap.es/","3","resources\website-directory.md","108","https://coolshap.es/"
"coolshap.es/","3","resources\website-directory.md","108","https://coolshap.es/"
"lab.coreviz.io/not-available","3","inspiration\design-inspiration.md","93","https://lab.coreviz.io/not-available"
"lab.coreviz.io/not-available","3","resources\website-directory.md","245","https://lab.coreviz.io/not-available"
"lab.coreviz.io/not-available","3","resources\website-directory.md","245","https://lab.coreviz.io/not-available"
"corgi.insure/","3","inspiration\design-inspiration.md","94","https://www.corgi.insure/"
"corgi.insure/","3","resources\website-directory.md","109","https://www.corgi.insure/"
"corgi.insure/","3","resources\website-directory.md","109","https://www.corgi.insure/"
"cudekai.com/","3","inspiration\design-inspiration.md","95","https://www.cudekai.com/"
"cudekai.com/","3","resources\website-directory.md","118","https://www.cudekai.com/"
"cudekai.com/","3","resources\website-directory.md","118","https://www.cudekai.com/"
"cyfe.com/","3","inspiration\design-inspiration.md","96","https://www.cyfe.com/"
"cyfe.com/","3","resources\website-directory.md","123","https://www.cyfe.com/"
"cyfe.com/","3","resources\website-directory.md","123","https://www.cyfe.com/"
"deadlinkchecker.com/","3","inspiration\design-inspiration.md","97","https://www.deadlinkchecker.com/"
"deadlinkchecker.com/","3","resources\website-directory.md","128","https://www.deadlinkchecker.com/"
"deadlinkchecker.com/","3","resources\website-directory.md","128","https://www.deadlinkchecker.com/"
"deckd.io/","3","inspiration\design-inspiration.md","98","https://www.deckd.io/"
"deckd.io/","3","resources\website-directory.md","132","https://www.deckd.io/"
"deckd.io/","3","resources\website-directory.md","132","https://www.deckd.io/"
"designsphere.xyz/","3","inspiration\design-inspiration.md","99","https://www.designsphere.xyz/"
"designsphere.xyz/","3","resources\website-directory.md","139","https://www.designsphere.xyz/"
"designsphere.xyz/","3","resources\website-directory.md","139","https://www.designsphere.xyz/"
"dictionaries.io/","3","inspiration\design-inspiration.md","100","https://dictionaries.io/"
"dictionaries.io/","3","resources\website-directory.md","142","https://dictionaries.io/"
"dictionaries.io/","3","resources\website-directory.md","142","https://dictionaries.io/"
"displaybuddy.app/","3","inspiration\design-inspiration.md","101","https://displaybuddy.app/"
"displaybuddy.app/","3","resources\website-directory.md","143","https://displaybuddy.app/"
"displaybuddy.app/","3","resources\website-directory.md","143","https://displaybuddy.app/"
"donotpay.com/","3","inspiration\design-inspiration.md","102","https://donotpay.com/"
"donotpay.com/","3","resources\website-directory.md","147","https://donotpay.com/"
"donotpay.com/","3","resources\website-directory.md","147","https://donotpay.com/"
"dotts.se/","3","inspiration\design-inspiration.md","103","https://dotts.se/"
"dotts.se/","3","resources\website-directory.md","149","https://dotts.se/"
"dotts.se/","3","resources\website-directory.md","149","https://dotts.se/"
"junebytes.com/dropnotch","3","inspiration\design-inspiration.md","104","https://junebytes.com/dropnotch"
"junebytes.com/dropnotch","3","resources\website-directory.md","229","https://junebytes.com/dropnotch"
"junebytes.com/dropnotch","3","resources\website-directory.md","229","https://junebytes.com/dropnotch"
"dub.co/","3","inspiration\design-inspiration.md","105","https://dub.co/"
"dub.co/","3","resources\website-directory.md","151","https://dub.co/"
"dub.co/","3","resources\website-directory.md","151","https://dub.co/"
"durves.com/","3","inspiration\design-inspiration.md","106","https://www.durves.com/"
"durves.com/","3","resources\website-directory.md","152","https://www.durves.com/"
"durves.com/","3","resources\website-directory.md","152","https://www.durves.com/"
"eagle.cool/","3","inspiration\design-inspiration.md","107","https://www.eagle.cool/"
"eagle.cool/","3","resources\website-directory.md","155","https://www.eagle.cool/"
"eagle.cool/","3","resources\website-directory.md","155","https://www.eagle.cool/"
"endel.io/","3","inspiration\design-inspiration.md","108","https://endel.io/"
"endel.io/","3","resources\website-directory.md","156","https://endel.io/"
"endel.io/","3","resources\website-directory.md","156","https://endel.io/"
"essaytone.com/en","3","inspiration\design-inspiration.md","109","https://www.essaytone.com/en"
"essaytone.com/en","3","resources\website-directory.md","158","https://www.essaytone.com/en"
"essaytone.com/en","3","resources\website-directory.md","158","https://www.essaytone.com/en"
"etoro.com/","3","inspiration\design-inspiration.md","110","https://www.etoro.com/"
"etoro.com/","3","resources\website-directory.md","159","https://www.etoro.com/"
"etoro.com/","3","resources\website-directory.md","159","https://www.etoro.com/"
"evendeals.com/","3","inspiration\design-inspiration.md","111","https://www.evendeals.com/"
"evendeals.com/","3","resources\website-directory.md","161","https://www.evendeals.com/"
"evendeals.com/","3","resources\website-directory.md","161","https://www.evendeals.com/"
"fabric.so/","3","inspiration\design-inspiration.md","112","https://fabric.so/"
"fabric.so/","3","resources\website-directory.md","165","https://fabric.so/"
"fabric.so/","3","resources\website-directory.md","165","https://fabric.so/"
"finaldraft.com/","3","inspiration\design-inspiration.md","113","https://www.finaldraft.com/"
"finaldraft.com/","3","resources\website-directory.md","167","https://www.finaldraft.com/"
"finaldraft.com/","3","resources\website-directory.md","167","https://www.finaldraft.com/"
"fluidmotion.app/","3","inspiration\design-inspiration.md","114","https://fluidmotion.app/"
"fluidmotion.app/","3","resources\website-directory.md","170","https://fluidmotion.app/"
"fluidmotion.app/","3","resources\website-directory.md","170","https://fluidmotion.app/"
"finderhub.app/","3","inspiration\design-inspiration.md","115","https://www.finderhub.app/"
"finderhub.app/","3","resources\website-directory.md","168","https://www.finderhub.app/"
"finderhub.app/","3","resources\website-directory.md","168","https://www.finderhub.app/"
"fotocaja.com/","3","inspiration\design-inspiration.md","116","https://fotocaja.com/"
"fotocaja.com/","3","resources\website-directory.md","174","https://fotocaja.com/"
"fotocaja.com/","3","resources\website-directory.md","174","https://fotocaja.com/"
"charts.supply/","3","inspiration\design-inspiration.md","117","https://charts.supply/"
"charts.supply/","3","resources\website-directory.md","95","https://charts.supply/"
"charts.supply/","3","resources\website-directory.md","95","https://charts.supply/"
"frameroverrides.com/","3","inspiration\design-inspiration.md","118","https://frameroverrides.com/"
"frameroverrides.com/","3","resources\website-directory.md","178","https://frameroverrides.com/"
"frameroverrides.com/","3","resources\website-directory.md","178","https://frameroverrides.com/"
"framestack.co/","3","inspiration\design-inspiration.md","119","https://framestack.co/"
"framestack.co/","3","resources\website-directory.md","180","https://framestack.co/"
"framestack.co/","3","resources\website-directory.md","180","https://framestack.co/"
"frameauth.com/","3","inspiration\design-inspiration.md","120","https://frameauth.com/"
"frameauth.com/","3","resources\website-directory.md","176","https://frameauth.com/"
"frameauth.com/","3","resources\website-directory.md","176","https://frameauth.com/"
"framercrafts.com/","3","inspiration\design-inspiration.md","121","https://framercrafts.com/"
"framercrafts.com/","3","resources\website-directory.md","177","https://framercrafts.com/"
"framercrafts.com/","3","resources\website-directory.md","177","https://framercrafts.com/"
"frameshare.social/","3","inspiration\design-inspiration.md","122","https://frameshare.social/"
"frameshare.social/","3","resources\website-directory.md","179","https://frameshare.social/"
"frameshare.social/","3","resources\website-directory.md","179","https://frameshare.social/"
"framify.design/","3","inspiration\design-inspiration.md","123","https://framify.design/"
"framify.design/","3","resources\website-directory.md","181","https://framify.design/"
"framify.design/","3","resources\website-directory.md","181","https://framify.design/"
"gtmetrix.com/","3","inspiration\design-inspiration.md","124","https://gtmetrix.com/"
"gtmetrix.com/","3","resources\website-directory.md","201","https://gtmetrix.com/"
"gtmetrix.com/","3","resources\website-directory.md","201","https://gtmetrix.com/"
"handyarrows.com/","3","inspiration\design-inspiration.md","125","https://handyarrows.com/"
"handyarrows.com/","3","resources\website-directory.md","206","https://handyarrows.com/"
"handyarrows.com/","3","resources\website-directory.md","206","https://handyarrows.com/"
"headers.club/","3","inspiration\design-inspiration.md","126","https://headers.club/"
"headers.club/","3","resources\website-directory.md","207","https://headers.club/"
"headers.club/","3","resources\website-directory.md","207","https://headers.club/"
"highlights.design/","3","inspiration\design-inspiration.md","127","https://www.highlights.design/"
"highlights.design/","3","resources\website-directory.md","210","https://www.highlights.design/"
"highlights.design/","3","resources\website-directory.md","210","https://www.highlights.design/"
"holygrid.studio/","3","inspiration\design-inspiration.md","128","https://holygrid.studio/"
"holygrid.studio/","3","resources\website-directory.md","211","https://holygrid.studio/"
"holygrid.studio/","3","resources\website-directory.md","211","https://holygrid.studio/"
"intelbee.com/","3","inspiration\design-inspiration.md","129","https://intelbee.com/"
"intelbee.com/","3","resources\website-directory.md","223","https://intelbee.com/"
"intelbee.com/","3","resources\website-directory.md","223","https://intelbee.com/"
"kimi.com/","3","inspiration\design-inspiration.md","130","https://www.kimi.com/"
"kimi.com/","3","resources\website-directory.md","238","https://www.kimi.com/"
"kimi.com/","3","resources\website-directory.md","238","https://www.kimi.com/"
"usekinet.app/","3","inspiration\design-inspiration.md","131","https://usekinet.app/"
"usekinet.app/","3","resources\website-directory.md","493","https://usekinet.app/"
"usekinet.app/","3","resources\website-directory.md","493","https://usekinet.app/"
"try.krispcall.com/m3biphfl8hds","3","inspiration\design-inspiration.md","132","https://try.krispcall.com/m3biphfl8hds"
"try.krispcall.com/m3biphfl8hds","3","resources\website-directory.md","470","https://try.krispcall.com/m3biphfl8hds"
"try.krispcall.com/m3biphfl8hds","3","resources\website-directory.md","470","https://try.krispcall.com/m3biphfl8hds"
"landify.design/","3","inspiration\design-inspiration.md","133","https://landify.design/"
"landify.design/","3","resources\website-directory.md","249","https://landify.design/"
"landify.design/","3","resources\website-directory.md","249","https://landify.design/"
"lastpass.com/","3","inspiration\design-inspiration.md","134","https://www.lastpass.com/"
"lastpass.com/","3","resources\website-directory.md","253","https://www.lastpass.com/"
"lastpass.com/","3","resources\website-directory.md","253","https://www.lastpass.com/"
"layouts.dev/","3","inspiration\design-inspiration.md","135","https://layouts.dev/"
"layouts.dev/","3","resources\website-directory.md","254","https://layouts.dev/"
"layouts.dev/","3","resources\website-directory.md","254","https://layouts.dev/"
"liinks.co/","3","inspiration\design-inspiration.md","136","https://www.liinks.co/"
"liinks.co/","3","resources\website-directory.md","258","https://www.liinks.co/"
"liinks.co/","3","resources\website-directory.md","258","https://www.liinks.co/"
"uselima.com/","3","inspiration\design-inspiration.md","137","https://uselima.com/"
"uselima.com/","3","resources\website-directory.md","494","https://uselima.com/"
"uselima.com/","3","resources\website-directory.md","494","https://uselima.com/"
"linklyhq.com/","3","inspiration\design-inspiration.md","138","https://linklyhq.com/"
"linklyhq.com/","3","resources\website-directory.md","260","https://linklyhq.com/"
"linklyhq.com/","3","resources\website-directory.md","260","https://linklyhq.com/"
"partnerstack.lusha.com/ex2zjrck6xsv-dr6kr7","3","inspiration\design-inspiration.md","139","https://partnerstack.lusha.com/ex2zjrck6xsv-dr6kr7"
"partnerstack.lusha.com/ex2zjrck6xsv-dr6kr7","3","resources\website-directory.md","337","https://partnerstack.lusha.com/ex2zjrck6xsv-dr6kr7"
"partnerstack.lusha.com/ex2zjrck6xsv-dr6kr7","3","resources\website-directory.md","337","https://partnerstack.lusha.com/ex2zjrck6xsv-dr6kr7"
"maced.ai/","3","inspiration\design-inspiration.md","140","https://www.maced.ai/"
"maced.ai/","3","resources\website-directory.md","272","https://www.maced.ai/"
"maced.ai/","3","resources\website-directory.md","272","https://www.maced.ai/"
"marqly.com/","3","inspiration\design-inspiration.md","141","https://www.marqly.com/"
"marqly.com/","3","resources\website-directory.md","278","https://www.marqly.com/"
"marqly.com/","3","resources\website-directory.md","278","https://www.marqly.com/"
"matte.app/","3","inspiration\design-inspiration.md","142","https://matte.app/"
"matte.app/","3","resources\website-directory.md","279","https://matte.app/"
"matte.app/","3","resources\website-directory.md","279","https://matte.app/"
"meetsponsors.com/","3","inspiration\design-inspiration.md","143","https://meetsponsors.com/"
"meetsponsors.com/","3","resources\website-directory.md","281","https://meetsponsors.com/"
"meetsponsors.com/","3","resources\website-directory.md","281","https://meetsponsors.com/"
"memelord.com/","3","inspiration\design-inspiration.md","144","https://www.memelord.com/"
"memelord.com/","3","resources\website-directory.md","282","https://www.memelord.com/"
"memelord.com/","3","resources\website-directory.md","282","https://www.memelord.com/"
"misterhorse.com/","3","inspiration\design-inspiration.md","145","https://misterhorse.com/"
"misterhorse.com/","3","resources\website-directory.md","287","https://misterhorse.com/"
"misterhorse.com/","3","resources\website-directory.md","287","https://misterhorse.com/"
"try.monday.com/8lod746m1pg5-pm","3","inspiration\design-inspiration.md","146","https://try.monday.com/8lod746m1pg5-pm"
"try.monday.com/8lod746m1pg5-pm","3","resources\website-directory.md","471","https://try.monday.com/8lod746m1pg5-pm"
"try.monday.com/8lod746m1pg5-pm","3","resources\website-directory.md","471","https://try.monday.com/8lod746m1pg5-pm"
"mossaik.app/","3","inspiration\design-inspiration.md","147","https://mossaik.app/"
"mossaik.app/","3","resources\website-directory.md","290","https://mossaik.app/"
"mossaik.app/","3","resources\website-directory.md","290","https://mossaik.app/"
"multiplayer.app/","3","inspiration\design-inspiration.md","148","https://www.multiplayer.app/"
"multiplayer.app/","3","resources\website-directory.md","297","https://www.multiplayer.app/"
"multiplayer.app/","3","resources\website-directory.md","297","https://www.multiplayer.app/"
"nanophoto.ai/","3","inspiration\design-inspiration.md","149","https://nanophoto.ai/"
"nanophoto.ai/","3","resources\website-directory.md","305","https://nanophoto.ai/"
"nanophoto.ai/","3","resources\website-directory.md","305","https://nanophoto.ai/"
"nav.supply/","3","inspiration\design-inspiration.md","150","https://nav.supply/"
"nav.supply/","3","resources\website-directory.md","306","https://nav.supply/"
"nav.supply/","3","resources\website-directory.md","306","https://nav.supply/"
"nexus-ui.dev/","3","inspiration\design-inspiration.md","151","https://nexus-ui.dev/"
"nexus-ui.dev/","3","resources\website-directory.md","309","https://nexus-ui.dev/"
"nexus-ui.dev/","3","resources\website-directory.md","309","https://nexus-ui.dev/"
"nordpass.com/","3","inspiration\design-inspiration.md","152","https://nordpass.com/"
"nordpass.com/","3","resources\website-directory.md","311","https://nordpass.com/"
"nordpass.com/","3","resources\website-directory.md","311","https://nordpass.com/"
"lo.cafe/notchnook","3","inspiration\design-inspiration.md","153","https://lo.cafe/notchnook"
"lo.cafe/notchnook","3","resources\website-directory.md","262","https://lo.cafe/notchnook"
"lo.cafe/notchnook","3","resources\website-directory.md","262","https://lo.cafe/notchnook"
"octolens.com/","3","inspiration\design-inspiration.md","154","https://octolens.com/"
"octolens.com/","3","resources\website-directory.md","316","https://octolens.com/"
"octolens.com/","3","resources\website-directory.md","316","https://octolens.com/"
"ohdear.app/","3","inspiration\design-inspiration.md","155","https://ohdear.app/"
"ohdear.app/","3","resources\website-directory.md","321","https://ohdear.app/"
"ohdear.app/","3","resources\website-directory.md","321","https://ohdear.app/"
"onetapapp.co/","3","inspiration\design-inspiration.md","156","https://www.onetapapp.co/"
"onetapapp.co/","3","resources\website-directory.md","323","https://www.onetapapp.co/"
"onetapapp.co/","3","resources\website-directory.md","323","https://www.onetapapp.co/"
"overrrides.com/","3","inspiration\design-inspiration.md","157","https://overrrides.com/"
"overrrides.com/","3","resources\website-directory.md","328","https://overrrides.com/"
"overrrides.com/","3","resources\website-directory.md","328","https://overrrides.com/"
"pageai.pro/","3","inspiration\design-inspiration.md","158","https://pageai.pro/"
"pageai.pro/","3","resources\website-directory.md","331","https://pageai.pro/"
"pageai.pro/","3","resources\website-directory.md","331","https://pageai.pro/"
"pagesection.com/editor","3","inspiration\design-inspiration.md","159","https://www.pagesection.com/editor"
"pagesection.com/editor","3","resources\website-directory.md","333","https://www.pagesection.com/editor"
"pagesection.com/editor","3","resources\website-directory.md","333","https://www.pagesection.com/editor"
"pagespeed.web.dev/","3","inspiration\design-inspiration.md","160","https://pagespeed.web.dev/"
"pagespeed.web.dev/","3","resources\website-directory.md","334","https://pagespeed.web.dev/"
"pagespeed.web.dev/","3","resources\website-directory.md","334","https://pagespeed.web.dev/"
"paper.design/","3","inspiration\design-inspiration.md","161","https://paper.design/"
"paper.design/","3","resources\website-directory.md","335","https://paper.design/"
"paper.design/","3","resources\website-directory.md","335","https://paper.design/"
"paperanimator.com/","3","inspiration\design-inspiration.md","162","https://paperanimator.com/"
"paperanimator.com/","3","resources\website-directory.md","336","https://paperanimator.com/"
"paperanimator.com/","3","resources\website-directory.md","336","https://paperanimator.com/"
"pixelsnap.com/","3","inspiration\design-inspiration.md","163","https://pixelsnap.com/"
"pixelsnap.com/","3","resources\website-directory.md","343","https://pixelsnap.com/"
"pixelsnap.com/","3","resources\website-directory.md","343","https://pixelsnap.com/"
"foureditors.com/collections/all-our-bundles","3","inspiration\design-inspiration.md","164","https://www.foureditors.com/collections/all-our-bundles"
"foureditors.com/collections/all-our-bundles","3","resources\website-directory.md","175","https://www.foureditors.com/collections/all-our-bundles"
"foureditors.com/collections/all-our-bundles","3","resources\website-directory.md","175","https://www.foureditors.com/collections/all-our-bundles"
"labs.google.com/pomelli/about","3","inspiration\design-inspiration.md","165","https://labs.google.com/pomelli/about/"
"labs.google.com/pomelli/about","3","resources\website-directory.md","247","https://labs.google.com/pomelli/about/"
"labs.google.com/pomelli/about","3","resources\website-directory.md","247","https://labs.google.com/pomelli/about/"
"tryprofound.com/","3","inspiration\design-inspiration.md","166","https://www.tryprofound.com/"
"tryprofound.com/","3","resources\website-directory.md","476","https://www.tryprofound.com/"
"tryprofound.com/","3","resources\website-directory.md","476","https://www.tryprofound.com/"
"propal.io/","3","inspiration\design-inspiration.md","167","https://www.propal.io/"
"propal.io/","3","resources\website-directory.md","351","https://www.propal.io/"
"propal.io/","3","resources\website-directory.md","351","https://www.propal.io/"
"purevpn.com/order-now.php","3","inspiration\design-inspiration.md","168","https://www.purevpn.com/order-now.php"
"purevpn.com/order-now.php","3","resources\website-directory.md","353","https://www.purevpn.com/order-now.php"
"purevpn.com/order-now.php","3","resources\website-directory.md","353","https://www.purevpn.com/order-now.php"
"rankhog.com/","3","inspiration\design-inspiration.md","169","https://rankhog.com/"
"rankhog.com/","3","resources\website-directory.md","363","https://rankhog.com/"
"rankhog.com/","3","resources\website-directory.md","363","https://rankhog.com/"
"rasa.com/","3","inspiration\design-inspiration.md","170","https://rasa.com/"
"rasa.com/","3","resources\website-directory.md","364","https://rasa.com/"
"rasa.com/","3","resources\website-directory.md","364","https://rasa.com/"
"receiptmaker.ai/","3","inspiration\design-inspiration.md","171","https://receiptmaker.ai/"
"receiptmaker.ai/","3","resources\website-directory.md","367","https://receiptmaker.ai/"
"receiptmaker.ai/","3","resources\website-directory.md","367","https://receiptmaker.ai/"
"bynapkin.com/guides/reddit","3","inspiration\design-inspiration.md","172","https://bynapkin.com/guides/reddit"
"bynapkin.com/guides/reddit","3","resources\website-directory.md","82","https://bynapkin.com/guides/reddit"
"bynapkin.com/guides/reddit","3","resources\website-directory.md","82","https://bynapkin.com/guides/reddit"
"remixlab.framer.wiki/","3","inspiration\design-inspiration.md","173","https://remixlab.framer.wiki/"
"remixlab.framer.wiki/","3","resources\website-directory.md","372","https://remixlab.framer.wiki/"
"remixlab.framer.wiki/","3","resources\website-directory.md","372","https://remixlab.framer.wiki/"
"restream.io/","3","inspiration\design-inspiration.md","174","https://restream.io/"
"restream.io/","3","resources\website-directory.md","374","https://restream.io/"
"restream.io/","3","resources\website-directory.md","374","https://restream.io/"
"righthand.ai/","3","inspiration\design-inspiration.md","175","https://www.righthand.ai/"
"righthand.ai/","3","resources\website-directory.md","375","https://www.righthand.ai/"
"righthand.ai/","3","resources\website-directory.md","375","https://www.righthand.ai/"
"rocketlawyer.com/","3","inspiration\design-inspiration.md","176","https://www.rocketlawyer.com/"
"rocketlawyer.com/","3","resources\website-directory.md","376","https://www.rocketlawyer.com/"
"rocketlawyer.com/","3","resources\website-directory.md","376","https://www.rocketlawyer.com/"
"roles.at/","3","inspiration\design-inspiration.md","177","https://roles.at/"
"roles.at/","3","resources\website-directory.md","377","https://roles.at/"
"roles.at/","3","resources\website-directory.md","377","https://roles.at/"
"roomxai.com/","3","inspiration\design-inspiration.md","178","https://roomxai.com/"
"roomxai.com/","3","resources\website-directory.md","378","https://roomxai.com/"
"roomxai.com/","3","resources\website-directory.md","378","https://roomxai.com/"
"rss.app/","3","inspiration\design-inspiration.md","179","https://rss.app/"
"rss.app/","3","resources\website-directory.md","379","https://rss.app/"
"rss.app/","3","resources\website-directory.md","379","https://rss.app/"
"removesorawatermark.online/sora2-video","3","inspiration\design-inspiration.md","180","https://www.removesorawatermark.online/sora2-video"
"removesorawatermark.online/sora2-video","3","resources\website-directory.md","373","https://www.removesorawatermark.online/sora2-video"
"removesorawatermark.online/sora2-video","3","resources\website-directory.md","373","https://www.removesorawatermark.online/sora2-video"
"same.energy/search","3","inspiration\design-inspiration.md","181","https://same.energy/search"
"same.energy/search","3","resources\website-directory.md","386","https://same.energy/search"
"same.energy/search","3","resources\website-directory.md","386","https://same.energy/search"
"save.day/","3","inspiration\design-inspiration.md","182","https://www.save.day/"
"save.day/","3","resources\website-directory.md","388","https://www.save.day/"
"save.day/","3","resources\website-directory.md","388","https://www.save.day/"
"savee.com/","3","inspiration\design-inspiration.md","183","https://savee.com/"
"savee.com/","3","resources\website-directory.md","389","https://savee.com/"
"savee.com/","3","resources\website-directory.md","389","https://savee.com/"
"sayfone.com/","3","inspiration\design-inspiration.md","184","https://www.sayfone.com/"
"sayfone.com/","3","resources\website-directory.md","390","https://www.sayfone.com/"
"sayfone.com/","3","resources\website-directory.md","390","https://www.sayfone.com/"
"scade.pro/","3","inspiration\design-inspiration.md","185","https://www.scade.pro/"
"scade.pro/","3","resources\website-directory.md","391","https://scade.pro/"
"scade.pro/","3","resources\website-directory.md","391","https://scade.pro/"
"scribbbles.design/","3","inspiration\design-inspiration.md","186","https://www.scribbbles.design/"
"scribbbles.design/","3","resources\website-directory.md","395","https://www.scribbbles.design/"
"scribbbles.design/","3","resources\website-directory.md","395","https://www.scribbbles.design/"
"seomatic.ai/","3","inspiration\design-inspiration.md","187","https://seomatic.ai/"
"seomatic.ai/","3","resources\website-directory.md","401","https://seomatic.ai/"
"seomatic.ai/","3","resources\website-directory.md","401","https://seomatic.ai/"
"serif.sh/","3","inspiration\design-inspiration.md","188","https://www.serif.sh/"
"serif.sh/","3","resources\website-directory.md","402","https://www.serif.sh/"
"serif.sh/","3","resources\website-directory.md","402","https://www.serif.sh/"
"sher.sh/","3","inspiration\design-inspiration.md","189","https://sher.sh/"
"sher.sh/","3","resources\website-directory.md","410","https://sher.sh/"
"sher.sh/","3","resources\website-directory.md","410","https://sher.sh/"
"shieldcn.dev/","3","inspiration\design-inspiration.md","190","https://shieldcn.dev/"
"shieldcn.dev/","3","resources\website-directory.md","411","https://shieldcn.dev/"
"shieldcn.dev/","3","resources\website-directory.md","411","https://shieldcn.dev/"
"shortcat.app/","3","inspiration\design-inspiration.md","191","https://shortcat.app/"
"shortcat.app/","3","resources\website-directory.md","413","https://shortcat.app/"
"shortcat.app/","3","resources\website-directory.md","413","https://shortcat.app/"
"shrink.media/","3","inspiration\design-inspiration.md","192","https://www.shrink.media/"
"shrink.media/","3","resources\website-directory.md","415","https://www.shrink.media/"
"shrink.media/","3","resources\website-directory.md","415","https://www.shrink.media/"
"siteliner.com/","3","inspiration\design-inspiration.md","193","https://www.siteliner.com/"
"siteliner.com/","3","resources\website-directory.md","417","https://www.siteliner.com/"
"siteliner.com/","3","resources\website-directory.md","417","https://www.siteliner.com/"
"sizey.app/","3","inspiration\design-inspiration.md","194","https://sizey.app/"
"sizey.app/","3","resources\website-directory.md","418","https://sizey.app/"
"sizey.app/","3","resources\website-directory.md","418","https://sizey.app/"
"slack.com/","3","inspiration\design-inspiration.md","195","https://slack.com/"
"slack.com/","3","resources\website-directory.md","421","https://slack.com/"
"slack.com/","3","resources\website-directory.md","421","https://slack.com/"
"slapmac.com/","3","inspiration\design-inspiration.md","196","https://slapmac.com/"
"slapmac.com/","3","resources\website-directory.md","422","https://slapmac.com/"
"slapmac.com/","3","resources\website-directory.md","422","https://slapmac.com/"
"slidy.app/","3","inspiration\design-inspiration.md","197","https://slidy.app/"
"slidy.app/","3","resources\website-directory.md","424","https://slidy.app/"
"slidy.app/","3","resources\website-directory.md","424","https://slidy.app/"
"sneakpeekit.com/","3","inspiration\design-inspiration.md","198","https://sneakpeekit.com/"
"sneakpeekit.com/","3","resources\website-directory.md","425","https://sneakpeekit.com/"
"sneakpeekit.com/","3","resources\website-directory.md","425","https://sneakpeekit.com/"
"socialproofexamples.com/","3","inspiration\design-inspiration.md","199","https://socialproofexamples.com/"
"socialproofexamples.com/","3","resources\website-directory.md","426","https://socialproofexamples.com/"
"socialproofexamples.com/","3","resources\website-directory.md","426","https://socialproofexamples.com/"
"try.soona.co/gsyor4hiysrf","3","inspiration\design-inspiration.md","200","https://try.soona.co/gsyor4hiysrf"
"try.soona.co/gsyor4hiysrf","3","resources\website-directory.md","473","https://try.soona.co/gsyor4hiysrf"
"try.soona.co/gsyor4hiysrf","3","resources\website-directory.md","473","https://try.soona.co/gsyor4hiysrf"
"sora2video.com/","3","inspiration\design-inspiration.md","201","https://sora2video.com/"
"sora2video.com/","3","resources\website-directory.md","427","https://sora2video.com/"
"sora2video.com/","3","resources\website-directory.md","427","https://sora2video.com/"
"sparktoro.com/","3","inspiration\design-inspiration.md","202","https://sparktoro.com/"
"sparktoro.com/","3","resources\website-directory.md","430","https://sparktoro.com/"
"sparktoro.com/","3","resources\website-directory.md","430","https://sparktoro.com/"
"squoosh.app/","3","inspiration\design-inspiration.md","203","https://squoosh.app/"
"squoosh.app/","3","resources\website-directory.md","434","https://squoosh.app/"
"squoosh.app/","3","resources\website-directory.md","434","https://squoosh.app/"
"stippling.app/","3","inspiration\design-inspiration.md","204","https://stippling.app/"
"stippling.app/","3","resources\website-directory.md","436","https://stippling.app/"
"stippling.app/","3","resources\website-directory.md","436","https://stippling.app/"
"superclick.app/","3","inspiration\design-inspiration.md","205","https://superclick.app/"
"superclick.app/","3","resources\website-directory.md","440","https://superclick.app/"
"superclick.app/","3","resources\website-directory.md","440","https://superclick.app/"
"svgexport.io/","3","inspiration\design-inspiration.md","206","https://svgexport.io/"
"svgexport.io/","3","resources\website-directory.md","443","https://svgexport.io/"
"svgexport.io/","3","resources\website-directory.md","443","https://svgexport.io/"
"svg.designcode.io/","3","inspiration\design-inspiration.md","207","https://svg.designcode.io/"
"svg.designcode.io/","3","resources\website-directory.md","442","https://svg.designcode.io/"
"svg.designcode.io/","3","resources\website-directory.md","442","https://svg.designcode.io/"
"swisstransfer.com/en","3","inspiration\design-inspiration.md","208","https://www.swisstransfer.com/en"
"swisstransfer.com/en","3","resources\website-directory.md","445","https://www.swisstransfer.com/en"
"swisstransfer.com/en","3","resources\website-directory.md","445","https://www.swisstransfer.com/en"
"t3.chat/chat","3","inspiration\design-inspiration.md","209","https://t3.chat/chat"
"t3.chat/chat","3","resources\website-directory.md","448","https://t3.chat/chat"
"t3.chat/chat","3","resources\website-directory.md","448","https://t3.chat/chat"
"tabsurfer.com/","3","inspiration\design-inspiration.md","210","https://tabsurfer.com/"
"tabsurfer.com/","3","resources\website-directory.md","449","https://tabsurfer.com/"
"tabsurfer.com/","3","resources\website-directory.md","449","https://tabsurfer.com/"
"tecca.io/","3","inspiration\design-inspiration.md","211","https://tecca.io/"
"tecca.io/","3","resources\website-directory.md","452","https://tecca.io/"
"tecca.io/","3","resources\website-directory.md","452","https://tecca.io/"
"testimonial.to/","3","inspiration\design-inspiration.md","212","https://testimonial.to/"
"testimonial.to/","3","resources\website-directory.md","454","https://testimonial.to/"
"testimonial.to/","3","resources\website-directory.md","454","https://testimonial.to/"
"texts.com/","3","inspiration\design-inspiration.md","213","https://texts.com/"
"texts.com/","3","resources\website-directory.md","455","https://texts.com/"
"texts.com/","3","resources\website-directory.md","455","https://texts.com/"
"textsniper.app/","3","inspiration\design-inspiration.md","214","https://textsniper.app/"
"textsniper.app/","3","resources\website-directory.md","456","https://textsniper.app/"
"textsniper.app/","3","resources\website-directory.md","456","https://textsniper.app/"
"bezier.method.ac/","3","inspiration\design-inspiration.md","215","https://bezier.method.ac/"
"bezier.method.ac/","3","resources\website-directory.md","63","https://bezier.method.ac/"
"bezier.method.ac/","3","resources\website-directory.md","63","https://bezier.method.ac/"
"thegistof.me/","3","inspiration\design-inspiration.md","216","https://thegistof.me/"
"thegistof.me/","3","resources\website-directory.md","457","https://thegistof.me/"
"thegistof.me/","3","resources\website-directory.md","457","https://thegistof.me/"
"thenty.io/","3","inspiration\design-inspiration.md","217","https://thenty.io/"
"thenty.io/","3","resources\website-directory.md","458","https://thenty.io/"
"thenty.io/","3","resources\website-directory.md","458","https://thenty.io/"
"tinypng.com/","3","inspiration\design-inspiration.md","218","https://tinypng.com/"
"tinypng.com/","3","resources\website-directory.md","464","https://tinypng.com/"
"tinypng.com/","3","resources\website-directory.md","464","https://tinypng.com/"
"tinyvid.io/","3","inspiration\design-inspiration.md","219","https://tinyvid.io/"
"tinyvid.io/","3","resources\website-directory.md","466","https://tinyvid.io/"
"tinyvid.io/","3","resources\website-directory.md","466","https://tinyvid.io/"
"tinywow.com/","3","inspiration\design-inspiration.md","220","https://tinywow.com/"
"tinywow.com/","3","resources\website-directory.md","467","https://tinywow.com/"
"tinywow.com/","3","resources\website-directory.md","467","https://tinywow.com/"
"topnotch.app/","3","inspiration\design-inspiration.md","221","https://topnotch.app/"
"topnotch.app/","3","resources\website-directory.md","468","https://topnotch.app/"
"topnotch.app/","3","resources\website-directory.md","468","https://topnotch.app/"
"transitions.dev/","3","inspiration\design-inspiration.md","222","https://transitions.dev/"
"transitions.dev/","3","resources\website-directory.md","469","https://transitions.dev/"
"transitions.dev/","3","resources\website-directory.md","469","https://transitions.dev/"
"unclutterapp.com/","3","inspiration\design-inspiration.md","223","https://unclutterapp.com/"
"unclutterapp.com/","3","resources\website-directory.md","488","https://unclutterapp.com/"
"unclutterapp.com/","3","resources\website-directory.md","488","https://unclutterapp.com/"
"uncovr.app/","3","inspiration\design-inspiration.md","224","https://uncovr.app/"
"uncovr.app/","3","resources\website-directory.md","489","https://uncovr.app/"
"uncovr.app/","3","resources\website-directory.md","489","https://uncovr.app/"
"variant.com/","3","inspiration\design-inspiration.md","225","https://variant.com/"
"variant.com/","3","resources\website-directory.md","497","https://variant.com/"
"variant.com/","3","resources\website-directory.md","497","https://variant.com/"
"vibecodeapp.com/","3","inspiration\design-inspiration.md","226","https://www.vibecodeapp.com/"
"vibecodeapp.com/","3","resources\website-directory.md","499","https://www.vibecodeapp.com/"
"vibecodeapp.com/","3","resources\website-directory.md","499","https://www.vibecodeapp.com/"
"visualjournal.it/","3","inspiration\design-inspiration.md","227","https://visualjournal.it/"
"visualjournal.it/","3","resources\website-directory.md","504","https://visualjournal.it/"
"visualjournal.it/","3","resources\website-directory.md","504","https://visualjournal.it/"
"visualgpt.io/","3","inspiration\design-inspiration.md","228","https://visualgpt.io/"
"visualgpt.io/","3","resources\website-directory.md","503","https://visualgpt.io/"
"visualgpt.io/","3","resources\website-directory.md","503","https://visualgpt.io/"
"audiocleaner.ai/remove-vocals-from-song","3","inspiration\design-inspiration.md","229","https://audiocleaner.ai/remove-vocals-from-song"
"audiocleaner.ai/remove-vocals-from-song","3","resources\website-directory.md","46","https://audiocleaner.ai/remove-vocals-from-song"
"audiocleaner.ai/remove-vocals-from-song","3","resources\website-directory.md","46","https://audiocleaner.ai/remove-vocals-from-song"
"vscodethemes.com/","3","inspiration\design-inspiration.md","230","https://vscodethemes.com/"
"vscodethemes.com/","3","resources\website-directory.md","506","https://vscodethemes.com/"
"vscodethemes.com/","3","resources\website-directory.md","506","https://vscodethemes.com/"
"try.webcatalog.io/zf5r4dkci6mn","3","inspiration\design-inspiration.md","231","https://try.webcatalog.io/zf5r4dkci6mn"
"try.webcatalog.io/zf5r4dkci6mn","3","resources\website-directory.md","474","https://try.webcatalog.io/zf5r4dkci6mn"
"try.webcatalog.io/zf5r4dkci6mn","3","resources\website-directory.md","474","https://try.webcatalog.io/zf5r4dkci6mn"
"wellows.com/","3","inspiration\design-inspiration.md","232","https://wellows.com/"
"wellows.com/","3","resources\website-directory.md","509","https://wellows.com/"
"wellows.com/","3","resources\website-directory.md","509","https://wellows.com/"
"wetransfer.com/","3","inspiration\design-inspiration.md","233","https://wetransfer.com/"
"wetransfer.com/","3","resources\website-directory.md","510","https://wetransfer.com/"
"wetransfer.com/","3","resources\website-directory.md","510","https://wetransfer.com/"
"wonderlist.design/","3","inspiration\design-inspiration.md","234","https://www.wonderlist.design/"
"wonderlist.design/","3","resources\website-directory.md","513","https://www.wonderlist.design/"
"wonderlist.design/","3","resources\website-directory.md","513","https://www.wonderlist.design/"
"wozcode.com/","3","inspiration\design-inspiration.md","235","https://www.wozcode.com/"
"wozcode.com/","3","resources\website-directory.md","514","https://www.wozcode.com/"
"wozcode.com/","3","resources\website-directory.md","514","https://www.wozcode.com/"
"science.nasa.gov/specials/your-name-in-landsat","3","inspiration\design-inspiration.md","236","https://science.nasa.gov/specials/your-name-in-landsat/"
"science.nasa.gov/specials/your-name-in-landsat","3","resources\website-directory.md","392","https://science.nasa.gov/specials/your-name-in-landsat/"
"science.nasa.gov/specials/your-name-in-landsat","3","resources\website-directory.md","392","https://science.nasa.gov/specials/your-name-in-landsat/"
"lapa.ninja/","5","inspiration\design-inspiration.md","242","https://www.lapa.ninja"
"lapa.ninja/","5","inspiration\landing-pages.md","6","https://www.lapa.ninja/"
"lapa.ninja/","5","inspiration\website-inspiration.md","12","https://www.lapa.ninja/"
"lapa.ninja/","5","resources\website-directory.md","252","https://www.lapa.ninja"
"lapa.ninja/","5","resources\website-directory.md","252","https://www.lapa.ninja"
"land-book.com/","5","inspiration\design-inspiration.md","243","https://land-book.com"
"land-book.com/","5","inspiration\landing-pages.md","5","https://land-book.com/"
"land-book.com/","5","inspiration\website-inspiration.md","11","https://land-book.com/"
"land-book.com/","5","resources\website-directory.md","248","https://land-book.com"
"land-book.com/","5","resources\website-directory.md","248","https://land-book.com"
"saaslandingpage.com/","4","inspiration\design-inspiration.md","244","https://saaslandingpage.com"
"saaslandingpage.com/","4","inspiration\landing-pages.md","8","https://saaslandingpage.com/"
"saaslandingpage.com/","4","resources\website-directory.md","384","https://saaslandingpage.com"
"saaslandingpage.com/","4","resources\website-directory.md","384","https://saaslandingpage.com"
"onepagelove.com/","5","inspiration\design-inspiration.md","245","https://onepagelove.com"
"onepagelove.com/","5","inspiration\landing-pages.md","7","https://onepagelove.com/"
"onepagelove.com/","5","inspiration\website-inspiration.md","10","https://onepagelove.com/"
"onepagelove.com/","5","resources\website-directory.md","322","https://onepagelove.com"
"onepagelove.com/","5","resources\website-directory.md","322","https://onepagelove.com"
"landingfolio.com/","3","inspiration\design-inspiration.md","246","https://www.landingfolio.com"
"landingfolio.com/","3","resources\website-directory.md","250","https://www.landingfolio.com"
"landingfolio.com/","3","resources\website-directory.md","250","https://www.landingfolio.com"
"nicelydone.club/","3","inspiration\design-inspiration.md","247","https://nicelydone.club"
"nicelydone.club/","3","resources\website-directory.md","310","https://nicelydone.club"
"nicelydone.club/","3","resources\website-directory.md","310","https://nicelydone.club"
"saaspo.com/","3","inspiration\design-inspiration.md","248","https://www.saaspo.com"
"saaspo.com/","3","resources\website-directory.md","385","https://www.saaspo.com"
"saaspo.com/","3","resources\website-directory.md","385","https://www.saaspo.com"
"landings.dev/","3","inspiration\design-inspiration.md","249","https://landings.dev/"
"landings.dev/","3","resources\website-directory.md","251","https://landings.dev/"
"landings.dev/","3","resources\website-directory.md","251","https://landings.dev/"
"saasemails.xyz/","3","inspiration\design-inspiration.md","250","https://www.saasemails.xyz/"
"saasemails.xyz/","3","resources\website-directory.md","383","https://www.saasemails.xyz/"
"saasemails.xyz/","3","resources\website-directory.md","383","https://www.saasemails.xyz/"
"shipfa.st/","3","inspiration\design-inspiration.md","251","https://shipfa.st/"
"shipfa.st/","3","resources\website-directory.md","412","https://shipfa.st/"
"shipfa.st/","3","resources\website-directory.md","412","https://shipfa.st/"
"footer.design/","3","inspiration\design-inspiration.md","257","https://www.footer.design"
"footer.design/","3","resources\website-directory.md","172","https://www.footer.design"
"footer.design/","3","resources\website-directory.md","172","https://www.footer.design"
"navbar.gallery/","4","inspiration\design-inspiration.md","258","https://www.navbar.gallery"
"navbar.gallery/","4","resources\new-resources.md","118","https://www.navbar.gallery/"
"navbar.gallery/","4","resources\website-directory.md","307","https://www.navbar.gallery/"
"navbar.gallery/","4","resources\website-directory.md","307","https://www.navbar.gallery/"
"collectui.com/","3","inspiration\design-inspiration.md","259","https://collectui.com"
"collectui.com/","3","resources\website-directory.md","102","https://collectui.com"
"collectui.com/","3","resources\website-directory.md","102","https://collectui.com"
"uigarage.net/","3","inspiration\design-inspiration.md","260","https://uigarage.net"
"uigarage.net/","3","resources\website-directory.md","484","https://uigarage.net"
"uigarage.net/","3","resources\website-directory.md","484","https://uigarage.net"
"calltoidea.com/","3","inspiration\design-inspiration.md","261","https://www.calltoidea.com"
"calltoidea.com/","3","resources\website-directory.md","85","https://www.calltoidea.com"
"calltoidea.com/","3","resources\website-directory.md","85","https://www.calltoidea.com"
"404s.design/","3","inspiration\design-inspiration.md","262","https://www.404s.design/"
"404s.design/","3","resources\website-directory.md","382","https://www.404s.design/"
"404s.design/","3","resources\website-directory.md","382","https://www.404s.design/"
"cta.gallery/","4","inspiration\design-inspiration.md","263","https://www.cta.gallery/"
"cta.gallery/","4","resources\new-resources.md","117","https://www.cta.gallery/"
"cta.gallery/","4","resources\website-directory.md","117","https://www.cta.gallery/"
"cta.gallery/","4","resources\website-directory.md","117","https://www.cta.gallery/"
"baked.supply/","3","inspiration\design-inspiration.md","264","https://www.baked.supply/"
"baked.supply/","3","resources\website-directory.md","52","https://www.baked.supply/"
"baked.supply/","3","resources\website-directory.md","52","https://www.baked.supply/"
"shapes.gallery/","3","inspiration\design-inspiration.md","265","https://www.shapes.gallery/"
"shapes.gallery/","3","resources\website-directory.md","408","https://www.shapes.gallery/"
"shapes.gallery/","3","resources\website-directory.md","408","https://www.shapes.gallery/"
"octarine.app/","3","inspiration\design-inspiration.md","266","https://octarine.app/"
"octarine.app/","3","resources\website-directory.md","315","https://octarine.app/"
"octarine.app/","3","resources\website-directory.md","315","https://octarine.app/"
"shapeoholic.live/","3","inspiration\design-inspiration.md","267","https://shapeoholic.live/"
"shapeoholic.live/","3","resources\website-directory.md","407","https://shapeoholic.live/"
"shapeoholic.live/","3","resources\website-directory.md","407","https://shapeoholic.live/"
"mobbin.com/","4","inspiration\design-inspiration.md","273","https://mobbin.com"
"mobbin.com/","4","inspiration\landing-pages.md","10","https://mobbin.com/"
"mobbin.com/","4","resources\website-directory.md","288","https://mobbin.com"
"mobbin.com/","4","resources\website-directory.md","288","https://mobbin.com"
"screenlane.com/","3","inspiration\design-inspiration.md","274","https://screenlane.com"
"screenlane.com/","3","resources\website-directory.md","393","https://screenlane.com"
"screenlane.com/","3","resources\website-directory.md","393","https://screenlane.com"
"pttrns.com/","3","inspiration\design-inspiration.md","275","https://pttrns.com"
"pttrns.com/","3","resources\website-directory.md","352","https://pttrns.com"
"pttrns.com/","3","resources\website-directory.md","352","https://pttrns.com"
"scrnshts.club/","3","inspiration\design-inspiration.md","276","https://scrnshts.club"
"scrnshts.club/","3","resources\website-directory.md","396","https://scrnshts.club"
"scrnshts.club/","3","resources\website-directory.md","396","https://scrnshts.club"
"macfolio.com/","3","inspiration\design-inspiration.md","277","https://macfolio.com"
"macfolio.com/","3","resources\website-directory.md","273","https://macfolio.com"
"macfolio.com/","3","resources\website-directory.md","273","https://macfolio.com"
"appshots.design/","3","inspiration\design-inspiration.md","278","https://appshots.design/"
"appshots.design/","3","resources\website-directory.md","40","https://appshots.design/"
"appshots.design/","3","resources\website-directory.md","40","https://appshots.design/"
"gallereee.com/","3","inspiration\design-inspiration.md","279","https://www.gallereee.com/"
"gallereee.com/","3","resources\website-directory.md","187","https://www.gallereee.com/"
"gallereee.com/","3","resources\website-directory.md","187","https://www.gallereee.com/"
"carbonmade.com/","3","inspiration\design-inspiration.md","280","https://carbonmade.com/"
"carbonmade.com/","3","resources\website-directory.md","92","https://carbonmade.com/"
"carbonmade.com/","3","resources\website-directory.md","92","https://carbonmade.com/"
"pageflows.com/","4","inspiration\design-inspiration.md","286","https://pageflows.com"
"pageflows.com/","4","inspiration\landing-pages.md","9","https://pageflows.com/"
"pageflows.com/","4","resources\website-directory.md","332","https://pageflows.com"
"pageflows.com/","4","resources\website-directory.md","332","https://pageflows.com"
"uisources.com/","3","inspiration\design-inspiration.md","287","https://www.uisources.com"
"uisources.com/","3","resources\website-directory.md","486","https://www.uisources.com"
"uisources.com/","3","resources\website-directory.md","486","https://www.uisources.com"
"refflow.com/","3","inspiration\design-inspiration.md","288","https://www.refflow.com"
"refflow.com/","3","resources\website-directory.md","371","https://www.refflow.com"
"refflow.com/","3","resources\website-directory.md","371","https://www.refflow.com"
"abtest.design/","3","inspiration\design-inspiration.md","289","https://abtest.design/"
"abtest.design/","3","resources\website-directory.md","19","https://abtest.design/"
"abtest.design/","3","resources\website-directory.md","19","https://abtest.design/"
"screensdesign.com/","3","inspiration\design-inspiration.md","290","https://screensdesign.com/"
"screensdesign.com/","3","resources\website-directory.md","394","https://screensdesign.com/"
"screensdesign.com/","3","resources\website-directory.md","394","https://screensdesign.com/"
"dribbble.com/","5","inspiration\design-inspiration.md","296","https://dribbble.com"
"dribbble.com/","5","inspiration\portfolio-inspiration.md","7","https://dribbble.com/"
"dribbble.com/","5","resources\website-directory.md","150","https://dribbble.com"
"dribbble.com/","5","resources\website-directory.md","150","https://dribbble.com"
"dribbble.com/","5","videos\ui-demos.md","8","https://dribbble.com/"
"behance.net/","5","inspiration\design-inspiration.md","297","https://www.behance.net"
"behance.net/","5","inspiration\portfolio-inspiration.md","6","https://www.behance.net/"
"behance.net/","5","resources\website-directory.md","57","https://www.behance.net"
"behance.net/","5","resources\website-directory.md","57","https://www.behance.net"
"behance.net/","5","videos\ui-demos.md","9","https://www.behance.net/"
"maxibestof.one/","3","inspiration\design-inspiration.md","298","https://www.maxibestof.one"
"maxibestof.one/","3","resources\website-directory.md","280","https://www.maxibestof.one"
"maxibestof.one/","3","resources\website-directory.md","280","https://www.maxibestof.one"
"cara.app/","3","inspiration\design-inspiration.md","299","https://cara.app/"
"cara.app/","3","resources\website-directory.md","91","https://cara.app/"
"cara.app/","3","resources\website-directory.md","91","https://cara.app/"
"cofolios.com/","3","inspiration\design-inspiration.md","300","https://www.cofolios.com/"
"cofolios.com/","3","resources\website-directory.md","101","https://www.cofolios.com/"
"cofolios.com/","3","resources\website-directory.md","101","https://www.cofolios.com/"
"pop.site/","3","inspiration\design-inspiration.md","301","https://pop.site/"
"pop.site/","3","resources\website-directory.md","345","https://pop.site/"
"pop.site/","3","resources\website-directory.md","345","https://pop.site/"
"semplice.com/","3","inspiration\design-inspiration.md","302","https://www.semplice.com/"
"semplice.com/","3","resources\website-directory.md","399","https://www.semplice.com/"
"semplice.com/","3","resources\website-directory.md","399","https://www.semplice.com/"
"showcase.supply/","3","inspiration\design-inspiration.md","303","https://www.showcase.supply/"
"showcase.supply/","3","resources\website-directory.md","414","https://www.showcase.supply/"
"showcase.supply/","3","resources\website-directory.md","414","https://www.showcase.supply/"
"timgabe.com/","3","inspiration\design-inspiration.md","304","https://timgabe.com/"
"timgabe.com/","3","resources\website-directory.md","463","https://timgabe.com/"
"timgabe.com/","3","resources\website-directory.md","463","https://timgabe.com/"
"minimal.gallery/","5","inspiration\design-inspiration.md","310","https://minimal.gallery"
"minimal.gallery/","5","inspiration\website-inspiration.md","9","https://minimal.gallery/"
"minimal.gallery/","5","resources\new-resources.md","40","https://minimal.gallery/"
"minimal.gallery/","5","resources\website-directory.md","286","https://minimal.gallery/"
"minimal.gallery/","5","resources\website-directory.md","286","https://minimal.gallery/"
"deadsimplesites.com/","3","inspiration\design-inspiration.md","311","https://deadsimplesites.com/"
"deadsimplesites.com/","3","resources\website-directory.md","129","https://deadsimplesites.com/"
"deadsimplesites.com/","3","resources\website-directory.md","129","https://deadsimplesites.com/"
"fontsinuse.com/","3","inspiration\design-inspiration.md","317","https://fontsinuse.com"
"fontsinuse.com/","3","resources\website-directory.md","171","https://fontsinuse.com"
"fontsinuse.com/","3","resources\website-directory.md","171","https://fontsinuse.com"
"spacetypegenerator.com/","4","inspiration\design-inspiration.md","318","https://spacetypegenerator.com/"
"spacetypegenerator.com/","4","resources\new-resources.md","30","https://spacetypegenerator.com/"
"spacetypegenerator.com/","4","resources\website-directory.md","429","https://spacetypegenerator.com/"
"spacetypegenerator.com/","4","resources\website-directory.md","429","https://spacetypegenerator.com/"
"brandingwebsite.com/","3","inspiration\design-inspiration.md","324","https://www.brandingwebsite.com/"
"brandingwebsite.com/","3","resources\website-directory.md","73","https://www.brandingwebsite.com/"
"brandingwebsite.com/","3","resources\website-directory.md","73","https://www.brandingwebsite.com/"
"logggos.club/","4","inspiration\design-inspiration.md","325","https://www.logggos.club/"
"logggos.club/","4","resources\new-resources.md","41","https://www.logggos.club/"
"logggos.club/","4","resources\website-directory.md","265","https://www.logggos.club/"
"logggos.club/","4","resources\website-directory.md","265","https://www.logggos.club/"
"logosystem.co/","3","inspiration\design-inspiration.md","326","https://logosystem.co/"
"logosystem.co/","3","resources\website-directory.md","268","https://logosystem.co/"
"logosystem.co/","3","resources\website-directory.md","268","https://logosystem.co/"
"bravemark.co/","3","inspiration\design-inspiration.md","327","https://www.bravemark.co/"
"bravemark.co/","3","resources\website-directory.md","74","https://www.bravemark.co/"
"bravemark.co/","3","resources\website-directory.md","74","https://www.bravemark.co/"
"design.com/","3","inspiration\design-inspiration.md","328","https://www.design.com/"
"design.com/","3","resources\website-directory.md","136","https://www.design.com/"
"design.com/","3","resources\website-directory.md","136","https://www.design.com/"
"logome.ai/","3","inspiration\design-inspiration.md","329","https://www.logome.ai/"
"logome.ai/","3","resources\website-directory.md","267","https://logome.ai/"
"logome.ai/","3","resources\website-directory.md","267","https://logome.ai/"
"uilogos.co/","3","inspiration\design-inspiration.md","330","https://uilogos.co/"
"uilogos.co/","3","resources\website-directory.md","485","https://uilogos.co/"
"uilogos.co/","3","resources\website-directory.md","485","https://uilogos.co/"
"siteinspire.com/","4","inspiration\design-inspiration.md","336","https://www.siteinspire.com"
"siteinspire.com/","4","inspiration\website-inspiration.md","7","https://www.siteinspire.com/"
"siteinspire.com/","4","resources\website-directory.md","416","https://www.siteinspire.com"
"siteinspire.com/","4","resources\website-directory.md","416","https://www.siteinspire.com"
"designspells.com/","3","inspiration\design-inspiration.md","337","https://designspells.com/"
"designspells.com/","3","resources\website-directory.md","138","https://designspells.com/"
"designspells.com/","3","resources\website-directory.md","138","https://designspells.com/"
"motion.zajno.com/","3","inspiration\design-inspiration.md","338","https://motion.zajno.com/"
"motion.zajno.com/","3","resources\website-directory.md","292","https://motion.zajno.com/"
"motion.zajno.com/","3","resources\website-directory.md","292","https://motion.zajno.com/"
"60fps.design/","4","inspiration\design-inspiration.md","339","https://60fps.design/"
"60fps.design/","4","resources\new-resources.md","116","https://60fps.design/"
"60fps.design/","4","resources\website-directory.md","15","https://60fps.design/"
"60fps.design/","4","resources\website-directory.md","15","https://60fps.design/"
"app.butter.video/","3","inspiration\design-inspiration.md","340","https://app.butter.video/"
"app.butter.video/","3","resources\website-directory.md","35","https://app.butter.video/"
"app.butter.video/","3","resources\website-directory.md","35","https://app.butter.video/"
"epiceasing.com/","3","inspiration\design-inspiration.md","341","https://epiceasing.com/"
"epiceasing.com/","3","resources\website-directory.md","157","https://epiceasing.com/"
"epiceasing.com/","3","resources\website-directory.md","157","https://epiceasing.com/"
"flora.ai/","3","inspiration\design-inspiration.md","342","https://flora.ai/"
"flora.ai/","3","resources\website-directory.md","169","https://flora.ai/"
"flora.ai/","3","resources\website-directory.md","169","https://flora.ai/"
"modyfi.com/","3","inspiration\design-inspiration.md","343","https://modyfi.com/"
"modyfi.com/","3","resources\website-directory.md","289","https://modyfi.com/"
"modyfi.com/","3","resources\website-directory.md","289","https://modyfi.com/"
"mult.dev/","3","inspiration\design-inspiration.md","344","https://mult.dev/"
"mult.dev/","3","resources\website-directory.md","296","https://mult.dev/"
"mult.dev/","3","resources\website-directory.md","296","https://mult.dev/"
"adfolio.design/","3","inspiration\design-inspiration.md","350","https://www.adfolio.design/"
"adfolio.design/","3","resources\website-directory.md","22","https://www.adfolio.design/"
"adfolio.design/","3","resources\website-directory.md","22","https://www.adfolio.design/"
"apple-summary-slides.vercel.app/all","3","inspiration\design-inspiration.md","351","https://apple-summary-slides.vercel.app/all"
"apple-summary-slides.vercel.app/all","3","resources\website-directory.md","38","https://apple-summary-slides.vercel.app/all"
"apple-summary-slides.vercel.app/all","3","resources\website-directory.md","38","https://apple-summary-slides.vercel.app/all"
"billiondollarpitchdecks.com/","3","inspiration\design-inspiration.md","352","https://www.billiondollarpitchdecks.com/"
"billiondollarpitchdecks.com/","3","resources\website-directory.md","64","https://www.billiondollarpitchdecks.com/"
"billiondollarpitchdecks.com/","3","resources\website-directory.md","64","https://www.billiondollarpitchdecks.com/"
"reallygoodemails.com/","3","inspiration\design-inspiration.md","353","https://reallygoodemails.com/"
"reallygoodemails.com/","3","resources\website-directory.md","366","https://reallygoodemails.com/"
"reallygoodemails.com/","3","resources\website-directory.md","366","https://reallygoodemails.com/"
"vidclue.com/","3","inspiration\design-inspiration.md","354","https://vidclue.com/"
"vidclue.com/","3","resources\website-directory.md","500","https://vidclue.com/"
"vidclue.com/","3","resources\website-directory.md","500","https://vidclue.com/"
"1of10.com/","3","inspiration\design-inspiration.md","355","https://1of10.com/"
"1of10.com/","3","resources\website-directory.md","317","https://1of10.com/"
"1of10.com/","3","resources\website-directory.md","317","https://1of10.com/"
"ace.me/","3","inspiration\design-inspiration.md","356","https://ace.me/"
"ace.me/","3","resources\website-directory.md","20","https://ace.me/"
"ace.me/","3","resources\website-directory.md","20","https://ace.me/"
"canarymail.io/","3","inspiration\design-inspiration.md","357","https://canarymail.io/"
"canarymail.io/","3","resources\website-directory.md","88","https://canarymail.io/"
"canarymail.io/","3","resources\website-directory.md","88","https://canarymail.io/"
"creativefuel.ai/","3","inspiration\design-inspiration.md","358","https://creativefuel.ai/"
"creativefuel.ai/","3","resources\website-directory.md","113","https://creativefuel.ai/"
"creativefuel.ai/","3","resources\website-directory.md","113","https://creativefuel.ai/"
"inbound.new/","3","inspiration\design-inspiration.md","359","https://inbound.new/"
"inbound.new/","3","resources\website-directory.md","219","https://inbound.new/"
"inbound.new/","3","resources\website-directory.md","219","https://inbound.new/"
"nexlev.io/","3","inspiration\design-inspiration.md","360","https://www.nexlev.io/"
"nexlev.io/","3","resources\website-directory.md","308","https://www.nexlev.io/"
"nexlev.io/","3","resources\website-directory.md","308","https://www.nexlev.io/"
"pikzels.com/","3","inspiration\design-inspiration.md","361","https://pikzels.com/"
"pikzels.com/","3","resources\website-directory.md","342","https://pikzels.com/"
"pikzels.com/","3","resources\website-directory.md","342","https://pikzels.com/"
"slicetube.io/","3","inspiration\design-inspiration.md","362","https://www.slicetube.io/"
"slicetube.io/","3","resources\website-directory.md","423","https://www.slicetube.io/"
"slicetube.io/","3","resources\website-directory.md","423","https://www.slicetube.io/"
"sotion.so/","3","inspiration\design-inspiration.md","363","https://sotion.so/"
"sotion.so/","3","resources\website-directory.md","428","https://sotion.so/"
"sotion.so/","3","resources\website-directory.md","428","https://sotion.so/"
"spotterstudio.com/","3","inspiration\design-inspiration.md","364","https://www.spotterstudio.com/"
"spotterstudio.com/","3","resources\website-directory.md","433","https://www.spotterstudio.com/"
"spotterstudio.com/","3","resources\website-directory.md","433","https://www.spotterstudio.com/"
"subscribr.ai/","3","inspiration\design-inspiration.md","365","https://subscribr.ai/"
"subscribr.ai/","3","resources\website-directory.md","438","https://subscribr.ai/"
"subscribr.ai/","3","resources\website-directory.md","438","https://subscribr.ai/"
"thumbnailcreator.com/","3","inspiration\design-inspiration.md","366","https://www.thumbnailcreator.com/"
"thumbnailcreator.com/","3","resources\website-directory.md","459","https://www.thumbnailcreator.com/"
"thumbnailcreator.com/","3","resources\website-directory.md","459","https://www.thumbnailcreator.com/"
"thumbsup.tv/","3","inspiration\design-inspiration.md","367","https://thumbsup.tv/"
"thumbsup.tv/","3","resources\website-directory.md","461","https://thumbsup.tv/"
"thumbsup.tv/","3","resources\website-directory.md","461","https://thumbsup.tv/"
"tubebuddy.com/","3","inspiration\design-inspiration.md","368","https://www.tubebuddy.com/"
"tubebuddy.com/","3","resources\website-directory.md","477","https://www.tubebuddy.com/"
"tubebuddy.com/","3","resources\website-directory.md","477","https://www.tubebuddy.com/"
"tubelab.net/","3","inspiration\design-inspiration.md","369","https://tubelab.net/"
"tubelab.net/","3","resources\website-directory.md","478","https://tubelab.net/"
"tubelab.net/","3","resources\website-directory.md","478","https://tubelab.net/"
"bookmarkify.io/","3","inspiration\design-inspiration.md","375","https://www.bookmarkify.io/"
"bookmarkify.io/","3","resources\website-directory.md","71","https://www.bookmarkify.io/"
"bookmarkify.io/","3","resources\website-directory.md","71","https://www.bookmarkify.io/"
"aidemos.meta.com/","3","inspiration\design-inspiration.md","376","https://aidemos.meta.com/"
"aidemos.meta.com/","3","resources\website-directory.md","26","https://aidemos.meta.com/"
"aidemos.meta.com/","3","resources\website-directory.md","26","https://aidemos.meta.com/"
"muz.li/","3","inspiration\design-inspiration.md","377","https://muz.li/"
"muz.li/","3","resources\website-directory.md","298","https://muz.li/"
"muz.li/","3","resources\website-directory.md","298","https://muz.li/"
"algora.io/","3","inspiration\design-inspiration.md","378","https://algora.io/"
"algora.io/","3","resources\website-directory.md","27","https://algora.io/"
"algora.io/","3","resources\website-directory.md","27","https://algora.io/"
"anything.com/","3","inspiration\design-inspiration.md","379","https://www.anything.com/"
"anything.com/","3","resources\website-directory.md","34","https://www.anything.com/"
"anything.com/","3","resources\website-directory.md","34","https://www.anything.com/"
"ascii-magic.com/","4","inspiration\design-inspiration.md","380","https://www.ascii-magic.com/"
"ascii-magic.com/","4","resources\new-resources.md","24","https://www.ascii-magic.com/"
"ascii-magic.com/","4","resources\website-directory.md","42","https://www.ascii-magic.com/"
"ascii-magic.com/","4","resources\website-directory.md","42","https://www.ascii-magic.com/"
"asciinator.app/","3","inspiration\design-inspiration.md","381","https://asciinator.app/"
"asciinator.app/","3","resources\website-directory.md","43","https://asciinator.app/"
"asciinator.app/","3","resources\website-directory.md","43","https://asciinator.app/"
"atoms.dev/","3","inspiration\design-inspiration.md","382","https://atoms.dev/"
"atoms.dev/","3","resources\website-directory.md","45","https://atoms.dev/"
"atoms.dev/","3","resources\website-directory.md","45","https://atoms.dev/"
"base44.com/","3","inspiration\design-inspiration.md","383","https://base44.com/"
"base44.com/","3","resources\website-directory.md","53","https://base44.com/"
"base44.com/","3","resources\website-directory.md","53","https://base44.com/"
"beanheads.robertbroersma.com/","3","inspiration\design-inspiration.md","384","https://beanheads.robertbroersma.com/"
"beanheads.robertbroersma.com/","3","resources\website-directory.md","55","https://beanheads.robertbroersma.com/"
"beanheads.robertbroersma.com/","3","resources\website-directory.md","55","https://beanheads.robertbroersma.com/"
"beforesunset.ai/","3","inspiration\design-inspiration.md","385","https://www.beforesunset.ai/"
"beforesunset.ai/","3","resources\website-directory.md","56","https://www.beforesunset.ai/"
"beforesunset.ai/","3","resources\website-directory.md","56","https://www.beforesunset.ai/"
"trybloom.ai/","3","inspiration\design-inspiration.md","386","https://www.trybloom.ai/"
"trybloom.ai/","3","resources\website-directory.md","475","https://www.trybloom.ai/"
"trybloom.ai/","3","resources\website-directory.md","475","https://www.trybloom.ai/"
"bmrk.cc/","3","inspiration\design-inspiration.md","387","https://bmrk.cc/"
"bmrk.cc/","3","resources\website-directory.md","69","https://bmrk.cc/"
"bmrk.cc/","3","resources\website-directory.md","69","https://bmrk.cc/"
"clickpilot.app/","3","inspiration\design-inspiration.md","388","https://clickpilot.app/"
"clickpilot.app/","3","resources\website-directory.md","100","https://clickpilot.app/"
"clickpilot.app/","3","resources\website-directory.md","100","https://clickpilot.app/"
"crayo.ai/","3","inspiration\design-inspiration.md","389","https://crayo.ai/"
"crayo.ai/","3","resources\website-directory.md","112","https://crayo.ai/"
"crayo.ai/","3","resources\website-directory.md","112","https://crayo.ai/"
"csspro.com/","3","inspiration\design-inspiration.md","390","https://csspro.com/"
"csspro.com/","3","resources\website-directory.md","116","https://csspro.com/"
"csspro.com/","3","resources\website-directory.md","116","https://csspro.com/"
"delphi.tools/","3","inspiration\design-inspiration.md","391","https://delphi.tools/"
"delphi.tools/","3","resources\website-directory.md","134","https://delphi.tools/"
"delphi.tools/","3","resources\website-directory.md","134","https://delphi.tools/"
"get.emergent.sh/3sto528d9545","3","inspiration\design-inspiration.md","392","https://get.emergent.sh/3sto528d9545"
"get.emergent.sh/3sto528d9545","3","resources\website-directory.md","194","https://get.emergent.sh/3sto528d9545"
"get.emergent.sh/3sto528d9545","3","resources\website-directory.md","194","https://get.emergent.sh/3sto528d9545"
"labs.google/fx/tools/flow","3","inspiration\design-inspiration.md","393","https://labs.google/fx/tools/flow"
"labs.google/fx/tools/flow","3","resources\website-directory.md","246","https://labs.google/fx/tools/flow"
"labs.google/fx/tools/flow","3","resources\website-directory.md","246","https://labs.google/fx/tools/flow"
"fronty.com/","3","inspiration\design-inspiration.md","394","https://fronty.com/"
"fronty.com/","3","resources\website-directory.md","184","https://fronty.com/"
"fronty.com/","3","resources\website-directory.md","184","https://fronty.com/"
"gempix2ai.ai/","3","inspiration\design-inspiration.md","395","https://gempix2ai.ai/"
"gempix2ai.ai/","3","resources\website-directory.md","190","https://gempix2ai.ai/"
"gempix2ai.ai/","3","resources\website-directory.md","190","https://gempix2ai.ai/"
"halftone.xoihazard.com/","4","inspiration\design-inspiration.md","396","https://halftone.xoihazard.com/"
"halftone.xoihazard.com/","4","resources\new-resources.md","72","https://halftone.xoihazard.com/"
"halftone.xoihazard.com/","4","resources\website-directory.md","498","https://halftone.xoihazard.com/"
"halftone.xoihazard.com/","4","resources\website-directory.md","498","https://halftone.xoihazard.com/"
"higgsfield.ai/","3","inspiration\design-inspiration.md","397","https://higgsfield.ai/"
"higgsfield.ai/","3","resources\website-directory.md","209","https://higgsfield.ai/"
"higgsfield.ai/","3","resources\website-directory.md","209","https://higgsfield.ai/"
"hyvector.com/","3","inspiration\design-inspiration.md","398","https://www.hyvector.com/"
"hyvector.com/","3","resources\website-directory.md","214","https://www.hyvector.com/"
"hyvector.com/","3","resources\website-directory.md","214","https://www.hyvector.com/"
"inclusivecolors.com/","3","inspiration\design-inspiration.md","399","https://www.inclusivecolors.com/"
"inclusivecolors.com/","3","resources\website-directory.md","220","https://www.inclusivecolors.com/"
"inclusivecolors.com/","3","resources\website-directory.md","220","https://www.inclusivecolors.com/"
"jenni.ai/","3","inspiration\design-inspiration.md","400","https://jenni.ai/"
"jenni.ai/","3","resources\website-directory.md","227","https://jenni.ai/"
"jenni.ai/","3","resources\website-directory.md","227","https://jenni.ai/"
"kintsu.ai/","3","inspiration\design-inspiration.md","401","https://kintsu.ai/"
"kintsu.ai/","3","resources\website-directory.md","240","https://kintsu.ai/"
"kintsu.ai/","3","resources\website-directory.md","240","https://kintsu.ai/"
"learnplace.ai/","3","inspiration\design-inspiration.md","402","https://learnplace.ai/"
"learnplace.ai/","3","resources\website-directory.md","255","https://learnplace.ai/"
"learnplace.ai/","3","resources\website-directory.md","255","https://learnplace.ai/"
"letsenhance.io/","3","inspiration\design-inspiration.md","403","https://letsenhance.io/"
"letsenhance.io/","3","resources\website-directory.md","256","https://letsenhance.io/"
"letsenhance.io/","3","resources\website-directory.md","256","https://letsenhance.io/"
"limora.ai/","3","inspiration\design-inspiration.md","404","https://limora.ai/"
"limora.ai/","3","resources\website-directory.md","259","https://limora.ai/"
"limora.ai/","3","resources\website-directory.md","259","https://limora.ai/"
"lium.ai/","3","inspiration\design-inspiration.md","405","https://www.lium.ai/"
"lium.ai/","3","resources\website-directory.md","261","https://www.lium.ai/"
"lium.ai/","3","resources\website-directory.md","261","https://www.lium.ai/"
"magicpath.ai/","3","inspiration\design-inspiration.md","406","https://www.magicpath.ai/"
"magicpath.ai/","3","resources\website-directory.md","275","https://magicpath.ai/"
"magicpath.ai/","3","resources\website-directory.md","275","https://magicpath.ai/"
"nanobanana2ai.ai/","3","inspiration\design-inspiration.md","407","https://nanobanana2ai.ai/"
"nanobanana2ai.ai/","3","resources\website-directory.md","303","https://nanobanana2ai.ai/"
"nanobanana2ai.ai/","3","resources\website-directory.md","303","https://nanobanana2ai.ai/"
"nanobanapro.com/","3","inspiration\design-inspiration.md","408","https://nanobanapro.com/"
"nanobanapro.com/","3","resources\website-directory.md","304","https://nanobanapro.com/"
"nanobanapro.com/","3","resources\website-directory.md","304","https://nanobanapro.com/"
"oriorai.com/","3","inspiration\design-inspiration.md","409","https://www.oriorai.com/"
"oriorai.com/","3","resources\website-directory.md","324","https://www.oriorai.com/"
"oriorai.com/","3","resources\website-directory.md","324","https://www.oriorai.com/"
"pdf0.dev/","3","inspiration\design-inspiration.md","410","https://pdf0.dev/"
"pdf0.dev/","3","resources\website-directory.md","338","https://pdf0.dev/"
"pdf0.dev/","3","resources\website-directory.md","338","https://pdf0.dev/"
"pebblely.com/","3","inspiration\design-inspiration.md","411","https://pebblely.com/"
"pebblely.com/","3","resources\website-directory.md","339","https://pebblely.com/"
"pebblely.com/","3","resources\website-directory.md","339","https://pebblely.com/"
"pics.io/","3","inspiration\design-inspiration.md","412","https://pics.io/"
"pics.io/","3","resources\website-directory.md","341","https://pics.io/"
"pics.io/","3","resources\website-directory.md","341","https://pics.io/"
"prism.openai.com/","3","inspiration\design-inspiration.md","413","https://prism.openai.com/"
"prism.openai.com/","3","resources\website-directory.md","348","https://prism.openai.com/"
"prism.openai.com/","3","resources\website-directory.md","348","https://prism.openai.com/"
"try.quillbot.com/toolfolio","3","inspiration\design-inspiration.md","414","https://try.quillbot.com/toolfolio"
"try.quillbot.com/toolfolio","3","resources\website-directory.md","472","https://try.quillbot.com/toolfolio"
"try.quillbot.com/toolfolio","3","resources\website-directory.md","472","https://try.quillbot.com/toolfolio"
"quiver.ai/","3","inspiration\design-inspiration.md","415","https://quiver.ai/"
"quiver.ai/","3","resources\website-directory.md","357","https://quiver.ai/"
"quiver.ai/","3","resources\website-directory.md","357","https://quiver.ai/"
"randoma11y.com/","3","inspiration\design-inspiration.md","416","https://randoma11y.com/"
"randoma11y.com/","3","resources\website-directory.md","362","https://randoma11y.com/"
"randoma11y.com/","3","resources\website-directory.md","362","https://randoma11y.com/"
"app.reve.com/","3","inspiration\design-inspiration.md","417","https://app.reve.com/"
"app.reve.com/","3","resources\website-directory.md","36","https://app.reve.com/"
"app.reve.com/","3","resources\website-directory.md","36","https://app.reve.com/"
"shapes.tools/","3","inspiration\design-inspiration.md","418","https://www.shapes.tools/"
"shapes.tools/","3","resources\website-directory.md","409","https://www.shapes.tools/"
"shapes.tools/","3","resources\website-directory.md","409","https://www.shapes.tools/"
"sketchto.com/","3","inspiration\design-inspiration.md","419","https://www.sketchto.com/"
"sketchto.com/","3","resources\website-directory.md","419","https://www.sketchto.com/"
"sketchto.com/","3","resources\website-directory.md","419","https://www.sketchto.com/"
"conversion.ai/","3","inspiration\design-inspiration.md","420","https://conversion.ai/"
"conversion.ai/","3","resources\website-directory.md","105","https://conversion.ai/"
"conversion.ai/","3","resources\website-directory.md","105","https://conversion.ai/"
"thumbnailpilot.com/","3","inspiration\design-inspiration.md","421","https://thumbnailpilot.com/"
"thumbnailpilot.com/","3","resources\website-directory.md","460","https://thumbnailpilot.com/"
"thumbnailpilot.com/","3","resources\website-directory.md","460","https://thumbnailpilot.com/"
"tiimoapp.com/","3","inspiration\design-inspiration.md","422","https://www.tiimoapp.com/"
"tiimoapp.com/","3","resources\website-directory.md","462","https://www.tiimoapp.com/"
"tiimoapp.com/","3","resources\website-directory.md","462","https://www.tiimoapp.com/"
"get.toggl.com/h9s5yw9qq7wp","3","inspiration\design-inspiration.md","423","https://get.toggl.com/h9s5yw9qq7wp"
"get.toggl.com/h9s5yw9qq7wp","3","resources\website-directory.md","195","https://get.toggl.com/h9s5yw9qq7wp"
"get.toggl.com/h9s5yw9qq7wp","3","resources\website-directory.md","195","https://get.toggl.com/h9s5yw9qq7wp"
"typotab.com/","3","inspiration\design-inspiration.md","424","https://www.typotab.com/"
"typotab.com/","3","resources\website-directory.md","479","https://www.typotab.com/"
"typotab.com/","3","resources\website-directory.md","479","https://www.typotab.com/"
"videotok.app/","3","inspiration\design-inspiration.md","425","https://www.videotok.app/"
"videotok.app/","3","resources\website-directory.md","501","https://www.videotok.app/"
"videotok.app/","3","resources\website-directory.md","501","https://www.videotok.app/"
"vidflux.ai/","3","inspiration\design-inspiration.md","426","https://vidflux.ai/"
"vidflux.ai/","3","resources\website-directory.md","502","https://vidflux.ai/"
"vidflux.ai/","3","resources\website-directory.md","502","https://vidflux.ai/"
"vivaldi.com/","3","inspiration\design-inspiration.md","427","https://vivaldi.com/"
"vivaldi.com/","3","resources\website-directory.md","505","https://vivaldi.com/"
"vivaldi.com/","3","resources\website-directory.md","505","https://vivaldi.com/"
"wonder.design/","3","inspiration\design-inspiration.md","428","https://wonder.design/"
"wonder.design/","3","resources\website-directory.md","512","https://wonder.design/"
"wonder.design/","3","resources\website-directory.md","512","https://wonder.design/"
"zen-browser.app/","3","inspiration\design-inspiration.md","429","https://zen-browser.app/"
"zen-browser.app/","3","resources\website-directory.md","517","https://zen-browser.app"
"zen-browser.app/","3","resources\website-directory.md","517","https://zen-browser.app"
"fonts.google.com/","2","resources\fonts.md","5","https://fonts.google.com/"
"fonts.google.com/","2","resources\free-assets.md","11","https://fonts.google.com/"
"undraw.co/illustrations","2","resources\free-assets.md","7","https://undraw.co/illustrations"
"undraw.co/illustrations","2","resources\illustrations.md","5","https://undraw.co/illustrations"
"storyset.com/","2","resources\free-assets.md","8","https://storyset.com/"
"storyset.com/","2","resources\illustrations.md","6","https://storyset.com/"
"openverse.org/","2","resources\free-assets.md","10","https://openverse.org/"
"openverse.org/","2","resources\images.md","10","https://openverse.org/"
"lucide.dev/","2","resources\free-assets.md","12","https://lucide.dev/"
"lucide.dev/","2","resources\icons.md","5","https://lucide.dev/"
"heroicons.com/","2","resources\free-assets.md","13","https://heroicons.com/"
"heroicons.com/","2","resources\icons.md","6","https://heroicons.com/"
"manypixels.co/gallery","2","resources\free-assets.md","14","https://www.manypixels.co/gallery"
"manypixels.co/gallery","2","resources\illustrations.md","8","https://www.manypixels.co/gallery"
"amicro.vercel.app/","3","resources\new-resources.md","15","https://amicro.vercel.app/"
"amicro.vercel.app/","3","resources\website-directory.md","28","https://amicro.vercel.app/"
"amicro.vercel.app/","3","resources\website-directory.md","28","https://amicro.vercel.app/"
"bundui.io/","3","resources\new-resources.md","16","https://bundui.io/"
"bundui.io/","3","resources\website-directory.md","80","https://bundui.io/"
"bundui.io/","3","resources\website-directory.md","80","https://bundui.io/"
"string-tune.fiddle.digital/","3","resources\new-resources.md","17","https://string-tune.fiddle.digital/"
"string-tune.fiddle.digital/","3","resources\website-directory.md","437","https://string-tune.fiddle.digital/"
"string-tune.fiddle.digital/","3","resources\website-directory.md","437","https://string-tune.fiddle.digital/"
"movements.dev/","3","resources\new-resources.md","18","https://www.movements.dev/"
"movements.dev/","3","resources\website-directory.md","294","https://www.movements.dev/"
"movements.dev/","3","resources\website-directory.md","294","https://www.movements.dev/"
"agent-builder-ui-one.vercel.app/","3","resources\new-resources.md","19","https://agent-builder-ui-one.vercel.app/#/agents/product-discovery"
"agent-builder-ui-one.vercel.app/","3","resources\website-directory.md","24","https://agent-builder-ui-one.vercel.app/#/agents/product-discovery"
"agent-builder-ui-one.vercel.app/","3","resources\website-directory.md","24","https://agent-builder-ui-one.vercel.app/#/agents/product-discovery"
"oguz.design/","3","resources\new-resources.md","20","https://oguz.design/"
"oguz.design/","3","resources\website-directory.md","320","https://oguz.design/"
"oguz.design/","3","resources\website-directory.md","320","https://oguz.design/"
"keylineicons.com/icons","3","resources\new-resources.md","21","https://keylineicons.com/icons"
"keylineicons.com/icons","3","resources\website-directory.md","237","https://keylineicons.com/icons"
"keylineicons.com/icons","3","resources\website-directory.md","237","https://keylineicons.com/icons"
"tryspherium.com/","3","resources\new-resources.md","22","https://tryspherium.com/"
"tryspherium.com/","3","resources\website-directory.md","431","https://tryspherium.com/"
"tryspherium.com/","3","resources\website-directory.md","431","https://tryspherium.com/"
"light-stroke-rail.vercel.app/","3","resources\new-resources.md","23","https://light-stroke-rail.vercel.app/"
"light-stroke-rail.vercel.app/","3","resources\website-directory.md","257","https://light-stroke-rail.vercel.app/"
"light-stroke-rail.vercel.app/","3","resources\website-directory.md","257","https://light-stroke-rail.vercel.app/"
"takayustudio.jp/","3","resources\new-resources.md","25","https://takayustudio.jp/"
"takayustudio.jp/","3","resources\website-directory.md","188","https://takayustudio.jp/"
"takayustudio.jp/","3","resources\website-directory.md","188","https://takayustudio.jp/"
"gradientool.com/","3","resources\new-resources.md","26","https://www.gradientool.com/"
"gradientool.com/","3","resources\website-directory.md","199","https://www.gradientool.com/"
"gradientool.com/","3","resources\website-directory.md","199","https://www.gradientool.com/"
"backgrounds.supply/gradient-lab","3","resources\new-resources.md","27","https://backgrounds.supply/gradient-lab"
"backgrounds.supply/gradient-lab","3","resources\website-directory.md","198","https://backgrounds.supply/gradient-lab"
"backgrounds.supply/gradient-lab","3","resources\website-directory.md","198","https://backgrounds.supply/gradient-lab"
"animos.app/editor","3","resources\new-resources.md","28","https://animos.app/editor"
"animos.app/editor","3","resources\website-directory.md","31","https://animos.app/editor"
"animos.app/editor","3","resources\website-directory.md","31","https://animos.app/editor"
"cutting-mat-generator.vercel.app/","3","resources\new-resources.md","29","https://cutting-mat-generator.vercel.app/"
"cutting-mat-generator.vercel.app/","3","resources\website-directory.md","122","https://cutting-mat-generator.vercel.app/"
"cutting-mat-generator.vercel.app/","3","resources\website-directory.md","122","https://cutting-mat-generator.vercel.app/"
"bookofshapes.com/","3","resources\new-resources.md","31","https://bookofshapes.com/"
"bookofshapes.com/","3","resources\website-directory.md","70","https://bookofshapes.com/"
"bookofshapes.com/","3","resources\website-directory.md","70","https://bookofshapes.com/"
"tabbied.com/patterns","3","resources\new-resources.md","32","https://tabbied.com/patterns/"
"tabbied.com/patterns","3","resources\website-directory.md","340","https://tabbied.com/patterns/"
"tabbied.com/patterns","3","resources\website-directory.md","340","https://tabbied.com/patterns/"
"dotforge.vercel.app/","3","resources\new-resources.md","33","https://dotforge.vercel.app/"
"dotforge.vercel.app/","3","resources\website-directory.md","148","https://dotforge.vercel.app/"
"dotforge.vercel.app/","3","resources\website-directory.md","148","https://dotforge.vercel.app/"
"ui-skills.com/skills/anthropics/frontend-design","3","resources\new-resources.md","34","https://www.ui-skills.com/skills/anthropics/frontend-design"
"ui-skills.com/skills/anthropics/frontend-design","3","resources\website-directory.md","183","https://www.ui-skills.com/skills/anthropics/frontend-design"
"ui-skills.com/skills/anthropics/frontend-design","3","resources\website-directory.md","183","https://www.ui-skills.com/skills/anthropics/frontend-design"
"ui-skills.com/skills/emilkowalski/apple-design","3","resources\new-resources.md","35","https://www.ui-skills.com/skills/emilkowalski/apple-design"
"ui-skills.com/skills/emilkowalski/apple-design","3","resources\website-directory.md","37","https://www.ui-skills.com/skills/emilkowalski/apple-design"
"ui-skills.com/skills/emilkowalski/apple-design","3","resources\website-directory.md","37","https://www.ui-skills.com/skills/emilkowalski/apple-design"
"localmode.ai/","3","resources\new-resources.md","36","https://localmode.ai/"
"localmode.ai/","3","resources\website-directory.md","264","https://localmode.ai/"
"localmode.ai/","3","resources\website-directory.md","264","https://localmode.ai/"
"shoogle.dev/directory","3","resources\new-resources.md","37","https://shoogle.dev/directory"
"shoogle.dev/directory","3","resources\website-directory.md","404","https://shoogle.dev/directory"
"shoogle.dev/directory","3","resources\website-directory.md","404","https://shoogle.dev/directory"
"searchsystem.co/","3","resources\new-resources.md","38","https://searchsystem.co/"
"searchsystem.co/","3","resources\website-directory.md","397","https://searchsystem.co/"
"searchsystem.co/","3","resources\website-directory.md","397","https://searchsystem.co/"
"logoinspo.com/","3","resources\new-resources.md","39","https://logoinspo.com/"
"logoinspo.com/","3","resources\website-directory.md","266","https://logoinspo.com/"
"logoinspo.com/","3","resources\website-directory.md","266","https://logoinspo.com/"
"loadmo.re/","3","resources\new-resources.md","43","https://loadmo.re/"
"loadmo.re/","3","resources\website-directory.md","263","https://loadmo.re/"
"loadmo.re/","3","resources\website-directory.md","263","https://loadmo.re/"
"tailark.com/","3","resources\new-resources.md","45","https://tailark.com/"
"tailark.com/","3","resources\website-directory.md","450","https://tailark.com/"
"tailark.com/","3","resources\website-directory.md","450","https://tailark.com/"
"uiarc.dev/","3","resources\new-resources.md","46","https://uiarc.dev/"
"uiarc.dev/","3","resources\website-directory.md","482","https://uiarc.dev/"
"uiarc.dev/","3","resources\website-directory.md","482","https://uiarc.dev/"
"overflow.design/isometric","3","resources\new-resources.md","47","https://www.overflow.design/isometric/"
"overflow.design/isometric","3","resources\website-directory.md","327","https://www.overflow.design/isometric/"
"overflow.design/isometric","3","resources\website-directory.md","327","https://www.overflow.design/isometric/"
"generativecharts.com/","3","resources\new-resources.md","48","https://generativecharts.com/"
"generativecharts.com/","3","resources\website-directory.md","191","https://generativecharts.com/"
"generativecharts.com/","3","resources\website-directory.md","191","https://generativecharts.com/"
"pro.beui.dev/","3","resources\new-resources.md","49","https://pro.beui.dev/"
"pro.beui.dev/","3","resources\website-directory.md","349","https://pro.beui.dev/"
"pro.beui.dev/","3","resources\website-directory.md","349","https://pro.beui.dev/"
"eve-mocks.vercel.app/","3","resources\new-resources.md","50","https://eve-mocks.vercel.app/"
"eve-mocks.vercel.app/","3","resources\website-directory.md","160","https://eve-mocks.vercel.app/"
"eve-mocks.vercel.app/","3","resources\website-directory.md","160","https://eve-mocks.vercel.app/"
"apps.apple.com/us/app/notion-agents/id6759811964","3","resources\new-resources.md","52","https://apps.apple.com/us/app/notion-agents/id6759811964"
"apps.apple.com/us/app/notion-agents/id6759811964","3","resources\website-directory.md","312","https://apps.apple.com/us/app/notion-agents/id6759811964"
"apps.apple.com/us/app/notion-agents/id6759811964","3","resources\website-directory.md","312","https://apps.apple.com/us/app/notion-agents/id6759811964"
"designeer.xyz/","3","resources\new-resources.md","53","https://designeer.xyz/"
"designeer.xyz/","3","resources\website-directory.md","137","https://designeer.xyz/"
"designeer.xyz/","3","resources\website-directory.md","137","https://designeer.xyz/"
"inspora.design/","3","resources\new-resources.md","54","https://www.inspora.design/"
"inspora.design/","3","resources\website-directory.md","222","https://www.inspora.design/"
"inspora.design/","3","resources\website-directory.md","222","https://www.inspora.design/"
"shadcnblocks.com/admin-dashboard","3","resources\new-resources.md","55","https://www.shadcnblocks.com/admin-dashboard"
"shadcnblocks.com/admin-dashboard","3","resources\website-directory.md","406","https://www.shadcnblocks.com/admin-dashboard"
"shadcnblocks.com/admin-dashboard","3","resources\website-directory.md","406","https://www.shadcnblocks.com/admin-dashboard"
"getlayers.ai/","3","resources\new-resources.md","56","https://www.getlayers.ai/"
"getlayers.ai/","3","resources\website-directory.md","196","https://www.getlayers.ai/"
"getlayers.ai/","3","resources\website-directory.md","196","https://www.getlayers.ai/"
"uiverse.io/","3","resources\new-resources.md","59","https://uiverse.io/"
"uiverse.io/","3","resources\website-directory.md","483","https://uiverse.io/"
"uiverse.io/","3","resources\website-directory.md","483","https://uiverse.io/"
"kinetics.colorion.co/","3","resources\new-resources.md","63","https://kinetics.colorion.co/"
"kinetics.colorion.co/","3","resources\website-directory.md","239","https://kinetics.colorion.co/"
"kinetics.colorion.co/","3","resources\website-directory.md","239","https://kinetics.colorion.co/"
"mapcn.dev/","3","resources\new-resources.md","64","https://www.mapcn.dev/"
"mapcn.dev/","3","resources\website-directory.md","276","https://www.mapcn.dev/"
"mapcn.dev/","3","resources\website-directory.md","276","https://www.mapcn.dev/"
"microkit.co/","3","resources\new-resources.md","65","https://microkit.co/"
"microkit.co/","3","resources\website-directory.md","284","https://microkit.co/"
"microkit.co/","3","resources\website-directory.md","284","https://microkit.co/"
"design.intentui.com/blocks/marketing/faq/08","3","resources\new-resources.md","66","https://design.intentui.com/blocks/marketing/faq/08"
"design.intentui.com/blocks/marketing/faq/08","3","resources\website-directory.md","166","https://design.intentui.com/blocks/marketing/faq/08"
"design.intentui.com/blocks/marketing/faq/08","3","resources\website-directory.md","166","https://design.intentui.com/blocks/marketing/faq/08"
"bestwebsitetemplate.com/templates/shopify/couture","3","resources\new-resources.md","67","https://bestwebsitetemplate.com/templates/shopify/couture"
"bestwebsitetemplate.com/templates/shopify/couture","3","resources\website-directory.md","61","https://bestwebsitetemplate.com/templates/shopify/couture"
"bestwebsitetemplate.com/templates/shopify/couture","3","resources\website-directory.md","61","https://bestwebsitetemplate.com/templates/shopify/couture"
"reui.io/blocks/application/app-shell","3","resources\new-resources.md","69","https://reui.io/blocks/application/app-shell"
"reui.io/blocks/application/app-shell","3","resources\website-directory.md","403","https://reui.io/blocks/application/app-shell"
"reui.io/blocks/application/app-shell","3","resources\website-directory.md","403","https://reui.io/blocks/application/app-shell"
"bestwebsitetemplate.com/templates/webflow/bryant","3","resources\new-resources.md","70","https://bestwebsitetemplate.com/templates/webflow/bryant"
"bestwebsitetemplate.com/templates/webflow/bryant","3","resources\website-directory.md","76","https://bestwebsitetemplate.com/templates/webflow/bryant"
"bestwebsitetemplate.com/templates/webflow/bryant","3","resources\website-directory.md","76","https://bestwebsitetemplate.com/templates/webflow/bryant"
"kaitosec.app/","3","resources\new-resources.md","71","https://kaitosec.app/"
"kaitosec.app/","3","resources\website-directory.md","232","https://kaitosec.app/"
"kaitosec.app/","3","resources\website-directory.md","232","https://kaitosec.app/"
"dithergarden.com/","3","resources\new-resources.md","73","https://www.dithergarden.com/"
"dithergarden.com/","3","resources\website-directory.md","144","https://www.dithergarden.com/"
"dithergarden.com/","3","resources\website-directory.md","144","https://www.dithergarden.com/"
"pointilliser.elwyn.co/","3","resources\new-resources.md","74","https://pointilliser.elwyn.co/"
"pointilliser.elwyn.co/","3","resources\website-directory.md","344","https://pointilliser.elwyn.co/"
"pointilliser.elwyn.co/","3","resources\website-directory.md","344","https://pointilliser.elwyn.co/"
"doodad.dev/dither-me-this","3","resources\new-resources.md","75","https://doodad.dev/dither-me-this/"
"doodad.dev/dither-me-this","3","resources\website-directory.md","145","https://doodad.dev/dither-me-this/"
"doodad.dev/dither-me-this","3","resources\website-directory.md","145","https://doodad.dev/dither-me-this/"
"halftonemaker.com/","3","resources\new-resources.md","76","https://halftonemaker.com/"
"halftonemaker.com/","3","resources\website-directory.md","205","https://halftonemaker.com/"
"halftonemaker.com/","3","resources\website-directory.md","205","https://halftonemaker.com/"
"metalforge.xyz/","3","resources\new-resources.md","77","https://metalforge.xyz/"
"metalforge.xyz/","3","resources\website-directory.md","283","https://metalforge.xyz/"
"metalforge.xyz/","3","resources\website-directory.md","283","https://metalforge.xyz/"
"perfolios.shwn.design/","3","resources\new-resources.md","78","https://perfolios.shwn.design/"
"perfolios.shwn.design/","3","resources\website-directory.md","346","https://perfolios.shwn.design/"
"perfolios.shwn.design/","3","resources\website-directory.md","346","https://perfolios.shwn.design/"
"vasya-nalysnyk.framer.website/","3","resources\new-resources.md","79","https://vasya-nalysnyk.framer.website/"
"vasya-nalysnyk.framer.website/","3","resources\website-directory.md","302","https://vasya-nalysnyk.framer.website/"
"vasya-nalysnyk.framer.website/","3","resources\website-directory.md","302","https://vasya-nalysnyk.framer.website/"
"kombai.com/selects","3","resources\new-resources.md","80","https://kombai.com/selects/"
"kombai.com/selects","3","resources\website-directory.md","451","https://kombai.com/selects/"
"kombai.com/selects","3","resources\website-directory.md","451","https://kombai.com/selects/"
"craftui.space/loaders?slug=group--solar","3","resources\new-resources.md","81","https://www.craftui.space/loaders?slug=group--solar"
"craftui.space/loaders?slug=group--solar","3","resources\website-directory.md","111","https://www.craftui.space/loaders?slug=group--solar"
"craftui.space/loaders?slug=group--solar","3","resources\website-directory.md","111","https://www.craftui.space/loaders?slug=group--solar"
"kargul.studio/","3","resources\new-resources.md","82","https://kargul.studio/"
"kargul.studio/","3","resources\website-directory.md","234","https://kargul.studio/"
"kargul.studio/","3","resources\website-directory.md","234","https://kargul.studio/"
"kobra.systems/components/magnetic-dropzone","3","resources\new-resources.md","83","https://kobra.systems/components/magnetic-dropzone"
"kobra.systems/components/magnetic-dropzone","3","resources\website-directory.md","241","https://kobra.systems/components/magnetic-dropzone"
"kobra.systems/components/magnetic-dropzone","3","resources\website-directory.md","241","https://kobra.systems/components/magnetic-dropzone"
"posts.design/","3","resources\new-resources.md","84","https://posts.design/"
"posts.design/","3","resources\website-directory.md","347","https://posts.design/"
"posts.design/","3","resources\website-directory.md","347","https://posts.design/"
"zoah.com/","3","resources\new-resources.md","85","https://zoah.com/"
"zoah.com/","3","resources\website-directory.md","518","https://zoah.com/"
"zoah.com/","3","resources\website-directory.md","518","https://zoah.com/"
"beui.dev/","3","resources\new-resources.md","86","https://beui.dev/"
"beui.dev/","3","resources\website-directory.md","54","https://beui.dev/"
"beui.dev/","3","resources\website-directory.md","54","https://beui.dev/"
"shadcnblocks.com/ide-extension","3","resources\new-resources.md","87","https://www.shadcnblocks.com/ide-extension"
"shadcnblocks.com/ide-extension","3","resources\website-directory.md","218","https://www.shadcnblocks.com/ide-extension"
"shadcnblocks.com/ide-extension","3","resources\website-directory.md","218","https://www.shadcnblocks.com/ide-extension"
"mtioon.com/","3","resources\new-resources.md","88","https://mtioon.com/"
"mtioon.com/","3","resources\website-directory.md","293","https://mtioon.com/"
"mtioon.com/","3","resources\website-directory.md","293","https://mtioon.com/"
"bencho.dev/","3","resources\new-resources.md","89","https://bencho.dev/"
"bencho.dev/","3","resources\website-directory.md","58","https://bencho.dev/"
"bencho.dev/","3","resources\website-directory.md","58","https://bencho.dev/"
"destroy.spritefusion.com/","3","resources\new-resources.md","90","https://destroy.spritefusion.com/"
"destroy.spritefusion.com/","3","resources\website-directory.md","140","https://destroy.spritefusion.com/"
"destroy.spritefusion.com/","3","resources\website-directory.md","140","https://destroy.spritefusion.com/"
"urbanly.org/","3","resources\new-resources.md","91","https://urbanly.org/"
"urbanly.org/","3","resources\website-directory.md","492","https://urbanly.org/"
"urbanly.org/","3","resources\website-directory.md","492","https://urbanly.org/"
"seomade.app/","3","resources\new-resources.md","92","https://seomade.app/"
"seomade.app/","3","resources\website-directory.md","400","https://seomade.app/"
"seomade.app/","3","resources\website-directory.md","400","https://seomade.app/"
"movulab.fun/","3","resources\new-resources.md","93","https://movulab.fun/"
"movulab.fun/","3","resources\website-directory.md","295","https://movulab.fun/"
"movulab.fun/","3","resources\website-directory.md","295","https://movulab.fun/"
"save.design/explore?tab=elements","3","resources\new-resources.md","94","https://save.design/explore?tab=elements"
"save.design/explore?tab=elements","3","resources\website-directory.md","387","https://save.design/explore?tab=elements"
"save.design/explore?tab=elements","3","resources\website-directory.md","387","https://save.design/explore?tab=elements"
"minifolio.in/","3","resources\new-resources.md","95","https://www.minifolio.in/"
"minifolio.in/","3","resources\website-directory.md","285","https://www.minifolio.in/"
"minifolio.in/","3","resources\website-directory.md","285","https://www.minifolio.in/"
"bestdesignsonx.com/","3","resources\new-resources.md","96","https://bestdesignsonx.com/"
"bestdesignsonx.com/","3","resources\website-directory.md","60","https://bestdesignsonx.com/"
"bestdesignsonx.com/","3","resources\website-directory.md","60","https://bestdesignsonx.com/"
"docentjs.dev/","3","resources\new-resources.md","97","https://docentjs.dev/"
"docentjs.dev/","3","resources\website-directory.md","146","https://docentjs.dev/"
"docentjs.dev/","3","resources\website-directory.md","146","https://docentjs.dev/"
"10zin.ca/","3","resources\new-resources.md","98","https://www.10zin.ca/"
"10zin.ca/","3","resources\website-directory.md","13","https://www.10zin.ca/"
"10zin.ca/","3","resources\website-directory.md","13","https://www.10zin.ca/"
"unique-transition-between-grid-and.vercel.app/","3","resources\new-resources.md","99","https://unique-transition-between-grid-and.vercel.app/"
"unique-transition-between-grid-and.vercel.app/","3","resources\website-directory.md","490","https://unique-transition-between-grid-and.vercel.app/"
"unique-transition-between-grid-and.vercel.app/","3","resources\website-directory.md","490","https://unique-transition-between-grid-and.vercel.app/"
"cooldock.app/","3","resources\new-resources.md","100","https://cooldock.app/"
"cooldock.app/","3","resources\website-directory.md","107","https://cooldock.app/"
"cooldock.app/","3","resources\website-directory.md","107","https://cooldock.app/"
"tester.army/e2e","3","resources\new-resources.md","101","https://tester.army/e2e"
"tester.army/e2e","3","resources\website-directory.md","453","https://tester.army/e2e"
"tester.army/e2e","3","resources\website-directory.md","453","https://tester.army/e2e"
"ossium.in/","3","resources\new-resources.md","102","https://ossium.in/"
"ossium.in/","3","resources\website-directory.md","326","https://ossium.in/"
"ossium.in/","3","resources\website-directory.md","326","https://ossium.in/"
"cssdesignawards.com/sites/the-ride/50163","3","resources\new-resources.md","103","https://www.cssdesignawards.com/sites/the-ride/50163/"
"cssdesignawards.com/sites/the-ride/50163","3","resources\website-directory.md","114","https://www.cssdesignawards.com/sites/the-ride/50163/"
"cssdesignawards.com/sites/the-ride/50163","3","resources\website-directory.md","114","https://www.cssdesignawards.com/sites/the-ride/50163/"
"griflan.com/","3","resources\new-resources.md","104","https://griflan.com/"
"griflan.com/","3","resources\website-directory.md","200","https://griflan.com/"
"griflan.com/","3","resources\website-directory.md","200","https://griflan.com/"
"pro.d2studio.dev/icons","3","resources\new-resources.md","105","https://pro.d2studio.dev/icons"
"pro.d2studio.dev/icons","3","resources\website-directory.md","350","https://pro.d2studio.dev/icons"
"pro.d2studio.dev/icons","3","resources\website-directory.md","350","https://pro.d2studio.dev/icons"
"campagano.com/work/rainier","3","resources\new-resources.md","107","https://www.campagano.com/work/rainier"
"campagano.com/work/rainier","3","resources\website-directory.md","87","https://www.campagano.com/work/rainier"
"campagano.com/work/rainier","3","resources\website-directory.md","87","https://www.campagano.com/work/rainier"
"deck.gallery/wetransfer-ideas-report-2020","3","resources\new-resources.md","108","https://www.deck.gallery/wetransfer-ideas-report-2020/"
"deck.gallery/wetransfer-ideas-report-2020","3","resources\website-directory.md","130","https://www.deck.gallery/wetransfer-ideas-report-2020/"
"deck.gallery/wetransfer-ideas-report-2020","3","resources\website-directory.md","130","https://www.deck.gallery/wetransfer-ideas-report-2020/"
"louisnguyen.co/startup","3","resources\new-resources.md","109","https://louisnguyen.co/startup"
"louisnguyen.co/startup","3","resources\website-directory.md","269","https://louisnguyen.co/startup"
"louisnguyen.co/startup","3","resources\website-directory.md","269","https://louisnguyen.co/startup"
"joglo.pages.dev/","3","resources\new-resources.md","110","https://joglo.pages.dev/"
"joglo.pages.dev/","3","resources\website-directory.md","228","https://joglo.pages.dev/"
"joglo.pages.dev/","3","resources\website-directory.md","228","https://joglo.pages.dev/"
"marionietoworld.com/","3","resources\new-resources.md","111","https://marionietoworld.com/"
"marionietoworld.com/","3","resources\website-directory.md","277","https://marionietoworld.com/"
"marionietoworld.com/","3","resources\website-directory.md","277","https://marionietoworld.com/"
"central.sonatype.com/artifact/io.github.valentinerutto/orbmotion","3","resources\new-resources.md","112","https://central.sonatype.com/artifact/io.github.valentinerutto/orbmotion"
"central.sonatype.com/artifact/io.github.valentinerutto/orbmotion","3","resources\website-directory.md","94","https://central.sonatype.com/artifact/io.github.valentinerutto/orbmotion"
"central.sonatype.com/artifact/io.github.valentinerutto/orbmotion","3","resources\website-directory.md","94","https://central.sonatype.com/artifact/io.github.valentinerutto/orbmotion"
"railway.com/free-vm","3","resources\new-resources.md","113","https://railway.com/free-vm"
"railway.com/free-vm","3","resources\website-directory.md","360","https://railway.com/free-vm"
"railway.com/free-vm","3","resources\website-directory.md","360","https://railway.com/free-vm"
"bestwebsitetemplate.com/templates/framer/origo-studio","3","resources\new-resources.md","114","https://bestwebsitetemplate.com/templates/framer/origo-studio"
"bestwebsitetemplate.com/templates/framer/origo-studio","3","resources\website-directory.md","62","https://bestwebsitetemplate.com/templates/framer/origo-studio"
"bestwebsitetemplate.com/templates/framer/origo-studio","3","resources\website-directory.md","62","https://bestwebsitetemplate.com/templates/framer/origo-studio"
"designminis.com/","3","resources\new-resources.md","115","https://www.designminis.com/"
"designminis.com/","3","resources\website-directory.md","135","https://www.designminis.com/"
"designminis.com/","3","resources\website-directory.md","135","https://www.designminis.com/"
"icon.museum/","3","resources\new-resources.md","119","https://icon.museum/"
"icon.museum/","3","resources\website-directory.md","217","https://icon.museum/"
"icon.museum/","3","resources\website-directory.md","217","https://icon.museum/"
"reelfolio.io/","3","resources\new-resources.md","120","https://reelfolio.io/"
"reelfolio.io/","3","resources\website-directory.md","369","https://reelfolio.io/"
"reelfolio.io/","3","resources\website-directory.md","369","https://reelfolio.io/"
"angelolibero.github.io/surface-field","3","resources\new-resources.md","121","https://angelolibero.github.io/surface-field/"
"angelolibero.github.io/surface-field","3","resources\website-directory.md","29","https://angelolibero.github.io/surface-field/"
"angelolibero.github.io/surface-field","3","resources\website-directory.md","29","https://angelolibero.github.io/surface-field/"
"swiftux.app/uicomponents/membership-card-paywall","3","resources\new-resources.md","122","https://www.swiftux.app/uicomponents/membership-card-paywall"
"swiftux.app/uicomponents/membership-card-paywall","3","resources\website-directory.md","444","https://www.swiftux.app/uicomponents/membership-card-paywall"
"swiftux.app/uicomponents/membership-card-paywall","3","resources\website-directory.md","444","https://www.swiftux.app/uicomponents/membership-card-paywall"
"getdroppy.app/","3","resources\new-resources.md","123","https://getdroppy.app/"
"getdroppy.app/","3","resources\website-directory.md","192","https://getdroppy.app/"
"getdroppy.app/","3","resources\website-directory.md","192","https://getdroppy.app/"
"animate-ui.com/","3","resources\new-resources.md","124","https://animate-ui.com/"
"animate-ui.com/","3","resources\website-directory.md","30","https://animate-ui.com/"
"animate-ui.com/","3","resources\website-directory.md","30","https://animate-ui.com/"
"inspirectory.com/","3","resources\new-resources.md","125","https://inspirectory.com/"
"inspirectory.com/","3","resources\website-directory.md","221","https://inspirectory.com/"
"inspirectory.com/","3","resources\website-directory.md","221","https://inspirectory.com/"
"kamran.fyi/candle","3","resources\new-resources.md","126","https://kamran.fyi/candle"
"kamran.fyi/candle","3","resources\website-directory.md","233","https://kamran.fyi/candle"
"kamran.fyi/candle","3","resources\website-directory.md","233","https://kamran.fyi/candle"
"atla.design/","3","resources\new-resources.md","127","https://www.atla.design/"
"atla.design/","3","resources\website-directory.md","44","https://www.atla.design/"
"atla.design/","3","resources\website-directory.md","44","https://www.atla.design/"
"ogimagecn.com/","3","resources\new-resources.md","128","https://www.ogimagecn.com/"
"ogimagecn.com/","3","resources\website-directory.md","318","https://www.ogimagecn.com/"
"ogimagecn.com/","3","resources\website-directory.md","318","https://www.ogimagecn.com/"
"ramp.design/","3","resources\new-resources.md","129","https://ramp.design/"
"ramp.design/","3","resources\website-directory.md","361","https://ramp.design/"
"ramp.design/","3","resources\website-directory.md","361","https://ramp.design/"
"supply.madebyoversight.com/","3","resources\new-resources.md","130","https://supply.madebyoversight.com/"
"supply.madebyoversight.com/","3","resources\website-directory.md","441","https://supply.madebyoversight.com/"
"supply.madebyoversight.com/","3","resources\website-directory.md","441","https://supply.madebyoversight.com/"
"wieslawsoltes.github.io/pdfspace","3","resources\new-resources.md","132","https://wieslawsoltes.github.io/PdfSpace/"
"wieslawsoltes.github.io/pdfspace","3","resources\website-directory.md","511","https://wieslawsoltes.github.io/PdfSpace/"
"wieslawsoltes.github.io/pdfspace","3","resources\website-directory.md","511","https://wieslawsoltes.github.io/PdfSpace/"
"github.com/clainstone/cbirds","2","resources\website-directory.md","99","https://github.com/clainstone/cbirds"
"github.com/clainstone/cbirds","2","resources\website-directory.md","99","https://github.com/clainstone/cbirds"
"kernelworkshop.vizuara.ai/","2","resources\website-directory.md","236","https://kernelworkshop.vizuara.ai/"
"kernelworkshop.vizuara.ai/","2","resources\website-directory.md","236","https://kernelworkshop.vizuara.ai/"
"figma.com/","3","ux\prototyping.md","5","https://www.figma.com/"
"figma.com/","3","ux\ux-tools.md","5","https://www.figma.com/"
"figma.com/","3","ux\wireframing.md","6","https://www.figma.com/"
"penpot.app/","2","ux\prototyping.md","10","https://penpot.app/"
"penpot.app/","2","ux\wireframing.md","11","https://penpot.app/"
"maze.co/","2","ux\user-research.md","7","https://maze.co/"
"maze.co/","2","ux\ux-tools.md","7","https://maze.co/"
"usertesting.com/","2","ux\user-research.md","8","https://www.usertesting.com/"
"usertesting.com/","2","ux\ux-tools.md","12","https://www.usertesting.com/"
"optimalworkshop.com/","2","ux\user-research.md","9","https://www.optimalworkshop.com/"
"optimalworkshop.com/","2","ux\ux-tools.md","9","https://www.optimalworkshop.com/"
"figma.com/figjam","2","ux\ux-tools.md","6","https://www.figma.com/figjam/"
"figma.com/figjam","2","ux\wireframing.md","7","https://www.figma.com/figjam/"
"youtube.com/@webdevsimplified","2","videos\frontend-demos.md","6","https://www.youtube.com/@WebDevSimplified"
"youtube.com/@webdevsimplified","2","videos\tutorials.md","8","https://www.youtube.com/@WebDevSimplified"
"youtube.com/@kevinpowell","2","videos\frontend-demos.md","7","https://www.youtube.com/@KevinPowell"
"youtube.com/@kevinpowell","2","videos\tutorials.md","9","https://www.youtube.com/@KevinPowell"
"youtube.com/@netninja","2","videos\frontend-demos.md","10","https://www.youtube.com/@NetNinja"
"youtube.com/@netninja","2","videos\tutorials.md","7","https://www.youtube.com/@NetNinja"
"youtube.com/@freecodecamp","2","videos\frontend-demos.md","11","https://www.youtube.com/@freecodecamp"
"youtube.com/@freecodecamp","2","videos\tutorials.md","6","https://www.youtube.com/@freecodecamp"
"frontendmentor.io/","2","videos\frontend-demos.md","14","https://www.frontendmentor.io/"
"frontendmentor.io/","2","videos\ui-demos.md","6","https://www.frontendmentor.io/"
"codepen.io/","2","videos\frontend-demos.md","15","https://codepen.io/"
"codepen.io/","2","videos\ui-demos.md","7","https://codepen.io/"
"youtube.com/@javascriptmastery","2","videos\tutorials.md","10","https://www.youtube.com/@javascriptmastery"
"youtube.com/@javascriptmastery","2","videos\ui-demos.md","16","https://www.youtube.com/@javascriptmastery"
"youtube.com/@designcourse","2","videos\tutorials.md","11","https://www.youtube.com/@DesignCourse"
"youtube.com/@designcourse","2","videos\ui-demos.md","15","https://www.youtube.com/@DesignCourse"
