"ID","Name","Field","Website","Status"
"60fps","60fps","slug","https://60fps.design/","Missing"
"60fps","60fps","description","https://60fps.design/","Missing"
"60fps","60fps","subcategory","https://60fps.design/","Missing"
"60fps","60fps","demo","https://60fps.design/","Missing"
"60fps","60fps","documentation","https://60fps.design/","Missing"
"60fps","60fps","github","https://60fps.design/","Missing"
"60fps","60fps","video","https://60fps.design/","Missing"
"60fps","60fps","framework","https://60fps.design/","Missing"
"60fps","60fps","technology","https://60fps.design/","Missing"
"60fps","60fps","httpStatus","https://60fps.design/","Missing"
"60fps","60fps","redirectUrl","https://60fps.design/","Missing"
"60fps","60fps","lastVerified","https://60fps.design/","Missing"
"a1-gallery","A1 Gallery","slug","https://www.a1.gallery/","Missing"
"a1-gallery","A1 Gallery","description","https://www.a1.gallery/","Missing"
"a1-gallery","A1 Gallery","subcategory","https://www.a1.gallery/","Missing"
"a1-gallery","A1 Gallery","demo","https://www.a1.gallery/","Missing"
"a1-gallery","A1 Gallery","documentation","https://www.a1.gallery/","Missing"
"a1-gallery","A1 Gallery","github","https://www.a1.gallery/","Missing"
"a1-gallery","A1 Gallery","video","https://www.a1.gallery/","Missing"
"a1-gallery","A1 Gallery","framework","https://www.a1.gallery/","Missing"
"a1-gallery","A1 Gallery","technology","https://www.a1.gallery/","Missing"
"a1-gallery","A1 Gallery","httpStatus","https://www.a1.gallery/","Missing"
"a1-gallery","A1 Gallery","redirectUrl","https://www.a1.gallery/","Missing"
"a1-gallery","A1 Gallery","lastVerified","https://www.a1.gallery/","Missing"
"apple-design-skill","Apple Design Skill","slug","https://www.ui-skills.com/skills/emilkowalski/apple-design","Missing"
"apple-design-skill","Apple Design Skill","description","https://www.ui-skills.com/skills/emilkowalski/apple-design","Missing"
"apple-design-skill","Apple Design Skill","subcategory","https://www.ui-skills.com/skills/emilkowalski/apple-design","Missing"
"apple-design-skill","Apple Design Skill","demo","https://www.ui-skills.com/skills/emilkowalski/apple-design","Missing"
"apple-design-skill","Apple Design Skill","documentation","https://www.ui-skills.com/skills/emilkowalski/apple-design","Missing"
"apple-design-skill","Apple Design Skill","github","https://www.ui-skills.com/skills/emilkowalski/apple-design","Missing"
"apple-design-skill","Apple Design Skill","video","https://www.ui-skills.com/skills/emilkowalski/apple-design","Missing"
"apple-design-skill","Apple Design Skill","framework","https://www.ui-skills.com/skills/emilkowalski/apple-design","Missing"
"apple-design-skill","Apple Design Skill","technology","https://www.ui-skills.com/skills/emilkowalski/apple-design","Missing"
"apple-design-skill","Apple Design Skill","httpStatus","https://www.ui-skills.com/skills/emilkowalski/apple-design","Missing"
"apple-design-skill","Apple Design Skill","redirectUrl","https://www.ui-skills.com/skills/emilkowalski/apple-design","Missing"
"apple-design-skill","Apple Design Skill","lastVerified","https://www.ui-skills.com/skills/emilkowalski/apple-design","Missing"
"atla-design","Atla Design","slug","https://www.atla.design/","Missing"
"atla-design","Atla Design","description","https://www.atla.design/","Missing"
"atla-design","Atla Design","subcategory","https://www.atla.design/","Missing"
"atla-design","Atla Design","demo","https://www.atla.design/","Missing"
"atla-design","Atla Design","documentation","https://www.atla.design/","Missing"
"atla-design","Atla Design","github","https://www.atla.design/","Missing"
"atla-design","Atla Design","video","https://www.atla.design/","Missing"
"atla-design","Atla Design","framework","https://www.atla.design/","Missing"
"atla-design","Atla Design","technology","https://www.atla.design/","Missing"
"atla-design","Atla Design","httpStatus","https://www.atla.design/","Missing"
"atla-design","Atla Design","redirectUrl","https://www.atla.design/","Missing"
"atla-design","Atla Design","lastVerified","https://www.atla.design/","Missing"
"best-design-sonx","Best Design Sonx","slug","https://bestdesignsonx.com/","Missing"
"best-design-sonx","Best Design Sonx","description","https://bestdesignsonx.com/","Missing"
"best-design-sonx","Best Design Sonx","subcategory","https://bestdesignsonx.com/","Missing"
"best-design-sonx","Best Design Sonx","demo","https://bestdesignsonx.com/","Missing"
"best-design-sonx","Best Design Sonx","documentation","https://bestdesignsonx.com/","Missing"
"best-design-sonx","Best Design Sonx","github","https://bestdesignsonx.com/","Missing"
"best-design-sonx","Best Design Sonx","video","https://bestdesignsonx.com/","Missing"
"best-design-sonx","Best Design Sonx","framework","https://bestdesignsonx.com/","Missing"
"best-design-sonx","Best Design Sonx","technology","https://bestdesignsonx.com/","Missing"
"best-design-sonx","Best Design Sonx","httpStatus","https://bestdesignsonx.com/","Missing"
"best-design-sonx","Best Design Sonx","redirectUrl","https://bestdesignsonx.com/","Missing"
"best-design-sonx","Best Design Sonx","lastVerified","https://bestdesignsonx.com/","Missing"
"cta-gallery","CTA Gallery","slug","https://www.cta.gallery/","Missing"
"cta-gallery","CTA Gallery","description","https://www.cta.gallery/","Missing"
"cta-gallery","CTA Gallery","subcategory","https://www.cta.gallery/","Missing"
"cta-gallery","CTA Gallery","demo","https://www.cta.gallery/","Missing"
"cta-gallery","CTA Gallery","documentation","https://www.cta.gallery/","Missing"
"cta-gallery","CTA Gallery","github","https://www.cta.gallery/","Missing"
"cta-gallery","CTA Gallery","video","https://www.cta.gallery/","Missing"
"cta-gallery","CTA Gallery","framework","https://www.cta.gallery/","Missing"
"cta-gallery","CTA Gallery","technology","https://www.cta.gallery/","Missing"
"cta-gallery","CTA Gallery","httpStatus","https://www.cta.gallery/","Missing"
"cta-gallery","CTA Gallery","redirectUrl","https://www.cta.gallery/","Missing"
"cta-gallery","CTA Gallery","lastVerified","https://www.cta.gallery/","Missing"
"deck-gallery-wetransfer-ideas-report-2020","Deck Gallery — WeTransfer Ideas Report 2020","slug","https://www.deck.gallery/wetransfer-ideas-report-2020/","Missing"
"deck-gallery-wetransfer-ideas-report-2020","Deck Gallery — WeTransfer Ideas Report 2020","description","https://www.deck.gallery/wetransfer-ideas-report-2020/","Missing"
"deck-gallery-wetransfer-ideas-report-2020","Deck Gallery — WeTransfer Ideas Report 2020","subcategory","https://www.deck.gallery/wetransfer-ideas-report-2020/","Missing"
"deck-gallery-wetransfer-ideas-report-2020","Deck Gallery — WeTransfer Ideas Report 2020","demo","https://www.deck.gallery/wetransfer-ideas-report-2020/","Missing"
"deck-gallery-wetransfer-ideas-report-2020","Deck Gallery — WeTransfer Ideas Report 2020","documentation","https://www.deck.gallery/wetransfer-ideas-report-2020/","Missing"
"deck-gallery-wetransfer-ideas-report-2020","Deck Gallery — WeTransfer Ideas Report 2020","github","https://www.deck.gallery/wetransfer-ideas-report-2020/","Missing"
"deck-gallery-wetransfer-ideas-report-2020","Deck Gallery — WeTransfer Ideas Report 2020","video","https://www.deck.gallery/wetransfer-ideas-report-2020/","Missing"
"deck-gallery-wetransfer-ideas-report-2020","Deck Gallery — WeTransfer Ideas Report 2020","framework","https://www.deck.gallery/wetransfer-ideas-report-2020/","Missing"
"deck-gallery-wetransfer-ideas-report-2020","Deck Gallery — WeTransfer Ideas Report 2020","technology","https://www.deck.gallery/wetransfer-ideas-report-2020/","Missing"
"deck-gallery-wetransfer-ideas-report-2020","Deck Gallery — WeTransfer Ideas Report 2020","httpStatus","https://www.deck.gallery/wetransfer-ideas-report-2020/","Missing"
"deck-gallery-wetransfer-ideas-report-2020","Deck Gallery — WeTransfer Ideas Report 2020","redirectUrl","https://www.deck.gallery/wetransfer-ideas-report-2020/","Missing"
"deck-gallery-wetransfer-ideas-report-2020","Deck Gallery — WeTransfer Ideas Report 2020","lastVerified","https://www.deck.gallery/wetransfer-ideas-report-2020/","Missing"
"design-minis","Design Minis","slug","https://www.designminis.com/","Missing"
"design-minis","Design Minis","description","https://www.designminis.com/","Missing"
"design-minis","Design Minis","subcategory","https://www.designminis.com/","Missing"
"design-minis","Design Minis","demo","https://www.designminis.com/","Missing"
"design-minis","Design Minis","documentation","https://www.designminis.com/","Missing"
"design-minis","Design Minis","github","https://www.designminis.com/","Missing"
"design-minis","Design Minis","video","https://www.designminis.com/","Missing"
"design-minis","Design Minis","framework","https://www.designminis.com/","Missing"
"design-minis","Design Minis","technology","https://www.designminis.com/","Missing"
"design-minis","Design Minis","httpStatus","https://www.designminis.com/","Missing"
"design-minis","Design Minis","redirectUrl","https://www.designminis.com/","Missing"
"design-minis","Design Minis","lastVerified","https://www.designminis.com/","Missing"
"designeer-xyz","Designeer XYZ","slug","https://designeer.xyz/","Missing"
"designeer-xyz","Designeer XYZ","description","https://designeer.xyz/","Missing"
"designeer-xyz","Designeer XYZ","subcategory","https://designeer.xyz/","Missing"
"designeer-xyz","Designeer XYZ","demo","https://designeer.xyz/","Missing"
"designeer-xyz","Designeer XYZ","documentation","https://designeer.xyz/","Missing"
"designeer-xyz","Designeer XYZ","github","https://designeer.xyz/","Missing"
"designeer-xyz","Designeer XYZ","video","https://designeer.xyz/","Missing"
"designeer-xyz","Designeer XYZ","framework","https://designeer.xyz/","Missing"
"designeer-xyz","Designeer XYZ","technology","https://designeer.xyz/","Missing"
"designeer-xyz","Designeer XYZ","httpStatus","https://designeer.xyz/","Missing"
"designeer-xyz","Designeer XYZ","redirectUrl","https://designeer.xyz/","Missing"
"designeer-xyz","Designeer XYZ","lastVerified","https://designeer.xyz/","Missing"
"faq-block","FAQ Block","slug","https://design.intentui.com/blocks/marketing/faq/08","Missing"
"faq-block","FAQ Block","description","https://design.intentui.com/blocks/marketing/faq/08","Missing"
"faq-block","FAQ Block","subcategory","https://design.intentui.com/blocks/marketing/faq/08","Missing"
"faq-block","FAQ Block","demo","https://design.intentui.com/blocks/marketing/faq/08","Missing"
"faq-block","FAQ Block","documentation","https://design.intentui.com/blocks/marketing/faq/08","Missing"
"faq-block","FAQ Block","github","https://design.intentui.com/blocks/marketing/faq/08","Missing"
"faq-block","FAQ Block","video","https://design.intentui.com/blocks/marketing/faq/08","Missing"
"faq-block","FAQ Block","framework","https://design.intentui.com/blocks/marketing/faq/08","Missing"
"faq-block","FAQ Block","technology","https://design.intentui.com/blocks/marketing/faq/08","Missing"
"faq-block","FAQ Block","httpStatus","https://design.intentui.com/blocks/marketing/faq/08","Missing"
"faq-block","FAQ Block","redirectUrl","https://design.intentui.com/blocks/marketing/faq/08","Missing"
"faq-block","FAQ Block","lastVerified","https://design.intentui.com/blocks/marketing/faq/08","Missing"
"gradient-background","Gradient Background","slug","https://backgrounds.supply/gradient-lab","Missing"
"gradient-background","Gradient Background","description","https://backgrounds.supply/gradient-lab","Missing"
"gradient-background","Gradient Background","subcategory","https://backgrounds.supply/gradient-lab","Missing"
"gradient-background","Gradient Background","demo","https://backgrounds.supply/gradient-lab","Missing"
"gradient-background","Gradient Background","documentation","https://backgrounds.supply/gradient-lab","Missing"
"gradient-background","Gradient Background","github","https://backgrounds.supply/gradient-lab","Missing"
"gradient-background","Gradient Background","video","https://backgrounds.supply/gradient-lab","Missing"
"gradient-background","Gradient Background","framework","https://backgrounds.supply/gradient-lab","Missing"
"gradient-background","Gradient Background","technology","https://backgrounds.supply/gradient-lab","Missing"
"gradient-background","Gradient Background","httpStatus","https://backgrounds.supply/gradient-lab","Missing"
"gradient-background","Gradient Background","redirectUrl","https://backgrounds.supply/gradient-lab","Missing"
"gradient-background","Gradient Background","lastVerified","https://backgrounds.supply/gradient-lab","Missing"
"gradientool","GradienTool","slug","https://www.gradientool.com/","Missing"
"gradientool","GradienTool","description","https://www.gradientool.com/","Missing"
"gradientool","GradienTool","subcategory","https://www.gradientool.com/","Missing"
"gradientool","GradienTool","demo","https://www.gradientool.com/","Missing"
"gradientool","GradienTool","documentation","https://www.gradientool.com/","Missing"
"gradientool","GradienTool","github","https://www.gradientool.com/","Missing"
"gradientool","GradienTool","video","https://www.gradientool.com/","Missing"
"gradientool","GradienTool","framework","https://www.gradientool.com/","Missing"
"gradientool","GradienTool","technology","https://www.gradientool.com/","Missing"
"gradientool","GradienTool","httpStatus","https://www.gradientool.com/","Missing"
"gradientool","GradienTool","redirectUrl","https://www.gradientool.com/","Missing"
"gradientool","GradienTool","lastVerified","https://www.gradientool.com/","Missing"
"icon-museum","Icon Museum","slug","https://icon.museum/","Missing"
"icon-museum","Icon Museum","description","https://icon.museum/","Missing"
"icon-museum","Icon Museum","subcategory","https://icon.museum/","Missing"
"icon-museum","Icon Museum","demo","https://icon.museum/","Missing"
"icon-museum","Icon Museum","documentation","https://icon.museum/","Missing"
"icon-museum","Icon Museum","github","https://icon.museum/","Missing"
"icon-museum","Icon Museum","video","https://icon.museum/","Missing"
"icon-museum","Icon Museum","framework","https://icon.museum/","Missing"
"icon-museum","Icon Museum","technology","https://icon.museum/","Missing"
"icon-museum","Icon Museum","httpStatus","https://icon.museum/","Missing"
"icon-museum","Icon Museum","redirectUrl","https://icon.museum/","Missing"
"icon-museum","Icon Museum","lastVerified","https://icon.museum/","Missing"
"inspora","Inspora","slug","https://www.inspora.design/","Missing"
"inspora","Inspora","description","https://www.inspora.design/","Missing"
"inspora","Inspora","subcategory","https://www.inspora.design/","Missing"
"inspora","Inspora","demo","https://www.inspora.design/","Missing"
"inspora","Inspora","documentation","https://www.inspora.design/","Missing"
"inspora","Inspora","github","https://www.inspora.design/","Missing"
"inspora","Inspora","video","https://www.inspora.design/","Missing"
"inspora","Inspora","framework","https://www.inspora.design/","Missing"
"inspora","Inspora","technology","https://www.inspora.design/","Missing"
"inspora","Inspora","httpStatus","https://www.inspora.design/","Missing"
"inspora","Inspora","redirectUrl","https://www.inspora.design/","Missing"
"inspora","Inspora","lastVerified","https://www.inspora.design/","Missing"
"keyline-icons-1178-free-icons","Keyline Icons — 1178 Free Icons","slug","https://keylineicons.com/icons","Missing"
"keyline-icons-1178-free-icons","Keyline Icons — 1178 Free Icons","description","https://keylineicons.com/icons","Missing"
"keyline-icons-1178-free-icons","Keyline Icons — 1178 Free Icons","subcategory","https://keylineicons.com/icons","Missing"
"keyline-icons-1178-free-icons","Keyline Icons — 1178 Free Icons","demo","https://keylineicons.com/icons","Missing"
"keyline-icons-1178-free-icons","Keyline Icons — 1178 Free Icons","documentation","https://keylineicons.com/icons","Missing"
"keyline-icons-1178-free-icons","Keyline Icons — 1178 Free Icons","github","https://keylineicons.com/icons","Missing"
"keyline-icons-1178-free-icons","Keyline Icons — 1178 Free Icons","video","https://keylineicons.com/icons","Missing"
"keyline-icons-1178-free-icons","Keyline Icons — 1178 Free Icons","framework","https://keylineicons.com/icons","Missing"
"keyline-icons-1178-free-icons","Keyline Icons — 1178 Free Icons","technology","https://keylineicons.com/icons","Missing"
"keyline-icons-1178-free-icons","Keyline Icons — 1178 Free Icons","httpStatus","https://keylineicons.com/icons","Missing"
"keyline-icons-1178-free-icons","Keyline Icons — 1178 Free Icons","redirectUrl","https://keylineicons.com/icons","Missing"
"keyline-icons-1178-free-icons","Keyline Icons — 1178 Free Icons","lastVerified","https://keylineicons.com/icons","Missing"
"logoinspo","Logoinspo","slug","https://logoinspo.com/","Missing"
"logoinspo","Logoinspo","description","https://logoinspo.com/","Missing"
"logoinspo","Logoinspo","subcategory","https://logoinspo.com/","Missing"
"logoinspo","Logoinspo","demo","https://logoinspo.com/","Missing"
"logoinspo","Logoinspo","documentation","https://logoinspo.com/","Missing"
"logoinspo","Logoinspo","github","https://logoinspo.com/","Missing"
"logoinspo","Logoinspo","video","https://logoinspo.com/","Missing"
"logoinspo","Logoinspo","framework","https://logoinspo.com/","Missing"
"logoinspo","Logoinspo","technology","https://logoinspo.com/","Missing"
"logoinspo","Logoinspo","httpStatus","https://logoinspo.com/","Missing"
"logoinspo","Logoinspo","redirectUrl","https://logoinspo.com/","Missing"
"logoinspo","Logoinspo","lastVerified","https://logoinspo.com/","Missing"
"magic-ui","Magic UI","slug","https://magicui.design/","Missing"
"magic-ui","Magic UI","description","https://magicui.design/","Missing"
"magic-ui","Magic UI","subcategory","https://magicui.design/","Missing"
"magic-ui","Magic UI","demo","https://magicui.design/","Missing"
"magic-ui","Magic UI","documentation","https://magicui.design/","Missing"
"magic-ui","Magic UI","github","https://magicui.design/","Missing"
"magic-ui","Magic UI","video","https://magicui.design/","Missing"
"magic-ui","Magic UI","framework","https://magicui.design/","Missing"
"magic-ui","Magic UI","technology","https://magicui.design/","Missing"
"magic-ui","Magic UI","httpStatus","https://magicui.design/","Missing"
"magic-ui","Magic UI","redirectUrl","https://magicui.design/","Missing"
"magic-ui","Magic UI","lastVerified","https://magicui.design/","Missing"
"minimal-gallery","Minimal Gallery","slug","https://minimal.gallery/","Missing"
"minimal-gallery","Minimal Gallery","description","https://minimal.gallery/","Missing"
"minimal-gallery","Minimal Gallery","subcategory","https://minimal.gallery/","Missing"
"minimal-gallery","Minimal Gallery","demo","https://minimal.gallery/","Missing"
"minimal-gallery","Minimal Gallery","documentation","https://minimal.gallery/","Missing"
"minimal-gallery","Minimal Gallery","github","https://minimal.gallery/","Missing"
"minimal-gallery","Minimal Gallery","video","https://minimal.gallery/","Missing"
"minimal-gallery","Minimal Gallery","framework","https://minimal.gallery/","Missing"
"minimal-gallery","Minimal Gallery","technology","https://minimal.gallery/","Missing"
"minimal-gallery","Minimal Gallery","httpStatus","https://minimal.gallery/","Missing"
"minimal-gallery","Minimal Gallery","redirectUrl","https://minimal.gallery/","Missing"
"minimal-gallery","Minimal Gallery","lastVerified","https://minimal.gallery/","Missing"
"navbar-gallery","Navbar Gallery","slug","https://www.navbar.gallery/","Missing"
"navbar-gallery","Navbar Gallery","description","https://www.navbar.gallery/","Missing"
"navbar-gallery","Navbar Gallery","subcategory","https://www.navbar.gallery/","Missing"
"navbar-gallery","Navbar Gallery","demo","https://www.navbar.gallery/","Missing"
"navbar-gallery","Navbar Gallery","documentation","https://www.navbar.gallery/","Missing"
"navbar-gallery","Navbar Gallery","github","https://www.navbar.gallery/","Missing"
"navbar-gallery","Navbar Gallery","video","https://www.navbar.gallery/","Missing"
"navbar-gallery","Navbar Gallery","framework","https://www.navbar.gallery/","Missing"
"navbar-gallery","Navbar Gallery","technology","https://www.navbar.gallery/","Missing"
"navbar-gallery","Navbar Gallery","httpStatus","https://www.navbar.gallery/","Missing"
"navbar-gallery","Navbar Gallery","redirectUrl","https://www.navbar.gallery/","Missing"
"navbar-gallery","Navbar Gallery","lastVerified","https://www.navbar.gallery/","Missing"
"oguz-design","Oguz Design","slug","https://oguz.design/","Missing"
"oguz-design","Oguz Design","description","https://oguz.design/","Missing"
"oguz-design","Oguz Design","subcategory","https://oguz.design/","Missing"
"oguz-design","Oguz Design","demo","https://oguz.design/","Missing"
"oguz-design","Oguz Design","documentation","https://oguz.design/","Missing"
"oguz-design","Oguz Design","github","https://oguz.design/","Missing"
"oguz-design","Oguz Design","video","https://oguz.design/","Missing"
"oguz-design","Oguz Design","framework","https://oguz.design/","Missing"
"oguz-design","Oguz Design","technology","https://oguz.design/","Missing"
"oguz-design","Oguz Design","httpStatus","https://oguz.design/","Missing"
"oguz-design","Oguz Design","redirectUrl","https://oguz.design/","Missing"
"oguz-design","Oguz Design","lastVerified","https://oguz.design/","Missing"
"overflow-isometric","Overflow — Isometric","slug","https://www.overflow.design/isometric/","Missing"
"overflow-isometric","Overflow — Isometric","description","https://www.overflow.design/isometric/","Missing"
"overflow-isometric","Overflow — Isometric","subcategory","https://www.overflow.design/isometric/","Missing"
"overflow-isometric","Overflow — Isometric","demo","https://www.overflow.design/isometric/","Missing"
"overflow-isometric","Overflow — Isometric","documentation","https://www.overflow.design/isometric/","Missing"
"overflow-isometric","Overflow — Isometric","github","https://www.overflow.design/isometric/","Missing"
"overflow-isometric","Overflow — Isometric","video","https://www.overflow.design/isometric/","Missing"
"overflow-isometric","Overflow — Isometric","framework","https://www.overflow.design/isometric/","Missing"
"overflow-isometric","Overflow — Isometric","technology","https://www.overflow.design/isometric/","Missing"
"overflow-isometric","Overflow — Isometric","httpStatus","https://www.overflow.design/isometric/","Missing"
"overflow-isometric","Overflow — Isometric","redirectUrl","https://www.overflow.design/isometric/","Missing"
"overflow-isometric","Overflow — Isometric","lastVerified","https://www.overflow.design/isometric/","Missing"
"pick-a-pattern","Pick a Pattern","slug","https://tabbied.com/patterns/","Missing"
"pick-a-pattern","Pick a Pattern","description","https://tabbied.com/patterns/","Missing"
"pick-a-pattern","Pick a Pattern","subcategory","https://tabbied.com/patterns/","Missing"
"pick-a-pattern","Pick a Pattern","demo","https://tabbied.com/patterns/","Missing"
"pick-a-pattern","Pick a Pattern","documentation","https://tabbied.com/patterns/","Missing"
"pick-a-pattern","Pick a Pattern","github","https://tabbied.com/patterns/","Missing"
"pick-a-pattern","Pick a Pattern","video","https://tabbied.com/patterns/","Missing"
"pick-a-pattern","Pick a Pattern","framework","https://tabbied.com/patterns/","Missing"
"pick-a-pattern","Pick a Pattern","technology","https://tabbied.com/patterns/","Missing"
"pick-a-pattern","Pick a Pattern","httpStatus","https://tabbied.com/patterns/","Missing"
"pick-a-pattern","Pick a Pattern","redirectUrl","https://tabbied.com/patterns/","Missing"
"pick-a-pattern","Pick a Pattern","lastVerified","https://tabbied.com/patterns/","Missing"
"portfolio-inspiration","Portfolio Inspiration","slug","https://perfolios.shwn.design/","Missing"
"portfolio-inspiration","Portfolio Inspiration","description","https://perfolios.shwn.design/","Missing"
"portfolio-inspiration","Portfolio Inspiration","subcategory","https://perfolios.shwn.design/","Missing"
"portfolio-inspiration","Portfolio Inspiration","demo","https://perfolios.shwn.design/","Missing"
"portfolio-inspiration","Portfolio Inspiration","documentation","https://perfolios.shwn.design/","Missing"
"portfolio-inspiration","Portfolio Inspiration","github","https://perfolios.shwn.design/","Missing"
"portfolio-inspiration","Portfolio Inspiration","video","https://perfolios.shwn.design/","Missing"
"portfolio-inspiration","Portfolio Inspiration","framework","https://perfolios.shwn.design/","Missing"
"portfolio-inspiration","Portfolio Inspiration","technology","https://perfolios.shwn.design/","Missing"
"portfolio-inspiration","Portfolio Inspiration","httpStatus","https://perfolios.shwn.design/","Missing"
"portfolio-inspiration","Portfolio Inspiration","redirectUrl","https://perfolios.shwn.design/","Missing"
"portfolio-inspiration","Portfolio Inspiration","lastVerified","https://perfolios.shwn.design/","Missing"
"posts-design","Posts Design","slug","https://posts.design/","Missing"
"posts-design","Posts Design","description","https://posts.design/","Missing"
"posts-design","Posts Design","subcategory","https://posts.design/","Missing"
"posts-design","Posts Design","demo","https://posts.design/","Missing"
"posts-design","Posts Design","documentation","https://posts.design/","Missing"
"posts-design","Posts Design","github","https://posts.design/","Missing"
"posts-design","Posts Design","video","https://posts.design/","Missing"
"posts-design","Posts Design","framework","https://posts.design/","Missing"
"posts-design","Posts Design","technology","https://posts.design/","Missing"
"posts-design","Posts Design","httpStatus","https://posts.design/","Missing"
"posts-design","Posts Design","redirectUrl","https://posts.design/","Missing"
"posts-design","Posts Design","lastVerified","https://posts.design/","Missing"
"pro-d2-studio-icons","Pro D2 Studio — Icons","slug","https://pro.d2studio.dev/icons","Missing"
"pro-d2-studio-icons","Pro D2 Studio — Icons","description","https://pro.d2studio.dev/icons","Missing"
"pro-d2-studio-icons","Pro D2 Studio — Icons","subcategory","https://pro.d2studio.dev/icons","Missing"
"pro-d2-studio-icons","Pro D2 Studio — Icons","demo","https://pro.d2studio.dev/icons","Missing"
"pro-d2-studio-icons","Pro D2 Studio — Icons","documentation","https://pro.d2studio.dev/icons","Missing"
"pro-d2-studio-icons","Pro D2 Studio — Icons","github","https://pro.d2studio.dev/icons","Missing"
"pro-d2-studio-icons","Pro D2 Studio — Icons","video","https://pro.d2studio.dev/icons","Missing"
"pro-d2-studio-icons","Pro D2 Studio — Icons","framework","https://pro.d2studio.dev/icons","Missing"
"pro-d2-studio-icons","Pro D2 Studio — Icons","technology","https://pro.d2studio.dev/icons","Missing"
"pro-d2-studio-icons","Pro D2 Studio — Icons","httpStatus","https://pro.d2studio.dev/icons","Missing"
"pro-d2-studio-icons","Pro D2 Studio — Icons","redirectUrl","https://pro.d2studio.dev/icons","Missing"
"pro-d2-studio-icons","Pro D2 Studio — Icons","lastVerified","https://pro.d2studio.dev/icons","Missing"
"ramp-design","Ramp Design","slug","https://ramp.design/","Missing"
"ramp-design","Ramp Design","description","https://ramp.design/","Missing"
"ramp-design","Ramp Design","subcategory","https://ramp.design/","Missing"
"ramp-design","Ramp Design","demo","https://ramp.design/","Missing"
"ramp-design","Ramp Design","documentation","https://ramp.design/","Missing"
"ramp-design","Ramp Design","github","https://ramp.design/","Missing"
"ramp-design","Ramp Design","video","https://ramp.design/","Missing"
"ramp-design","Ramp Design","framework","https://ramp.design/","Missing"
"ramp-design","Ramp Design","technology","https://ramp.design/","Missing"
"ramp-design","Ramp Design","httpStatus","https://ramp.design/","Missing"
"ramp-design","Ramp Design","redirectUrl","https://ramp.design/","Missing"
"ramp-design","Ramp Design","lastVerified","https://ramp.design/","Missing"
"save-design-explore","Save Design — Explore","slug","https://save.design/explore","Missing"
"save-design-explore","Save Design — Explore","description","https://save.design/explore","Missing"
"save-design-explore","Save Design — Explore","subcategory","https://save.design/explore","Missing"
"save-design-explore","Save Design — Explore","demo","https://save.design/explore","Missing"
"save-design-explore","Save Design — Explore","documentation","https://save.design/explore","Missing"
"save-design-explore","Save Design — Explore","github","https://save.design/explore","Missing"
"save-design-explore","Save Design — Explore","video","https://save.design/explore","Missing"
"save-design-explore","Save Design — Explore","framework","https://save.design/explore","Missing"
"save-design-explore","Save Design — Explore","technology","https://save.design/explore","Missing"
"save-design-explore","Save Design — Explore","httpStatus","https://save.design/explore","Missing"
"save-design-explore","Save Design — Explore","redirectUrl","https://save.design/explore","Missing"
"save-design-explore","Save Design — Explore","lastVerified","https://save.design/explore","Missing"
"save-design-explore-elements","Save Design — Explore Elements","slug","https://save.design/explore?tab=elements","Missing"
"save-design-explore-elements","Save Design — Explore Elements","description","https://save.design/explore?tab=elements","Missing"
"save-design-explore-elements","Save Design — Explore Elements","subcategory","https://save.design/explore?tab=elements","Missing"
"save-design-explore-elements","Save Design — Explore Elements","demo","https://save.design/explore?tab=elements","Missing"
"save-design-explore-elements","Save Design — Explore Elements","documentation","https://save.design/explore?tab=elements","Missing"
"save-design-explore-elements","Save Design — Explore Elements","github","https://save.design/explore?tab=elements","Missing"
"save-design-explore-elements","Save Design — Explore Elements","video","https://save.design/explore?tab=elements","Missing"
"save-design-explore-elements","Save Design — Explore Elements","framework","https://save.design/explore?tab=elements","Missing"
"save-design-explore-elements","Save Design — Explore Elements","technology","https://save.design/explore?tab=elements","Missing"
"save-design-explore-elements","Save Design — Explore Elements","httpStatus","https://save.design/explore?tab=elements","Missing"
"save-design-explore-elements","Save Design — Explore Elements","redirectUrl","https://save.design/explore?tab=elements","Missing"
"save-design-explore-elements","Save Design — Explore Elements","lastVerified","https://save.design/explore?tab=elements","Missing"
"10zin","10Zin","slug","https://www.10zin.ca/","Missing"
"10zin","10Zin","description","https://www.10zin.ca/","Missing"
"10zin","10Zin","subcategory","https://www.10zin.ca/","Missing"
"10zin","10Zin","demo","https://www.10zin.ca/","Missing"
"10zin","10Zin","documentation","https://www.10zin.ca/","Missing"
"10zin","10Zin","github","https://www.10zin.ca/","Missing"
"10zin","10Zin","video","https://www.10zin.ca/","Missing"
"10zin","10Zin","framework","https://www.10zin.ca/","Missing"
"10zin","10Zin","technology","https://www.10zin.ca/","Missing"
"10zin","10Zin","httpStatus","https://www.10zin.ca/","Missing"
"10zin","10Zin","redirectUrl","https://www.10zin.ca/","Missing"
"10zin","10Zin","lastVerified","https://www.10zin.ca/","Missing"
"21st-dev","21st.dev","slug","https://21st.dev/","Missing"
"21st-dev","21st.dev","description","https://21st.dev/","Missing"
"21st-dev","21st.dev","subcategory","https://21st.dev/","Missing"
"21st-dev","21st.dev","demo","https://21st.dev/","Missing"
"21st-dev","21st.dev","documentation","https://21st.dev/","Missing"
"21st-dev","21st.dev","github","https://21st.dev/","Missing"
"21st-dev","21st.dev","video","https://21st.dev/","Missing"
"21st-dev","21st.dev","framework","https://21st.dev/","Missing"
"21st-dev","21st.dev","technology","https://21st.dev/","Missing"
"21st-dev","21st.dev","httpStatus","https://21st.dev/","Missing"
"21st-dev","21st.dev","redirectUrl","https://21st.dev/","Missing"
"21st-dev","21st.dev","lastVerified","https://21st.dev/","Missing"
"aceternity-ui","Aceternity UI","slug","https://ui.aceternity.com/","Missing"
"aceternity-ui","Aceternity UI","description","https://ui.aceternity.com/","Missing"
"aceternity-ui","Aceternity UI","subcategory","https://ui.aceternity.com/","Missing"
"aceternity-ui","Aceternity UI","demo","https://ui.aceternity.com/","Missing"
"aceternity-ui","Aceternity UI","documentation","https://ui.aceternity.com/","Missing"
"aceternity-ui","Aceternity UI","github","https://ui.aceternity.com/","Missing"
"aceternity-ui","Aceternity UI","video","https://ui.aceternity.com/","Missing"
"aceternity-ui","Aceternity UI","framework","https://ui.aceternity.com/","Missing"
"aceternity-ui","Aceternity UI","technology","https://ui.aceternity.com/","Missing"
"aceternity-ui","Aceternity UI","httpStatus","https://ui.aceternity.com/","Missing"
"aceternity-ui","Aceternity UI","redirectUrl","https://ui.aceternity.com/","Missing"
"aceternity-ui","Aceternity UI","lastVerified","https://ui.aceternity.com/","Missing"
"agent-builder-ui","Agent Builder UI","slug","https://agent-builder-ui-one.vercel.app/#/agents/product-discovery","Missing"
"agent-builder-ui","Agent Builder UI","description","https://agent-builder-ui-one.vercel.app/#/agents/product-discovery","Missing"
"agent-builder-ui","Agent Builder UI","subcategory","https://agent-builder-ui-one.vercel.app/#/agents/product-discovery","Missing"
"agent-builder-ui","Agent Builder UI","demo","https://agent-builder-ui-one.vercel.app/#/agents/product-discovery","Missing"
"agent-builder-ui","Agent Builder UI","documentation","https://agent-builder-ui-one.vercel.app/#/agents/product-discovery","Missing"
"agent-builder-ui","Agent Builder UI","github","https://agent-builder-ui-one.vercel.app/#/agents/product-discovery","Missing"
"agent-builder-ui","Agent Builder UI","video","https://agent-builder-ui-one.vercel.app/#/agents/product-discovery","Missing"
"agent-builder-ui","Agent Builder UI","framework","https://agent-builder-ui-one.vercel.app/#/agents/product-discovery","Missing"
"agent-builder-ui","Agent Builder UI","technology","https://agent-builder-ui-one.vercel.app/#/agents/product-discovery","Missing"
"agent-builder-ui","Agent Builder UI","httpStatus","https://agent-builder-ui-one.vercel.app/#/agents/product-discovery","Missing"
"agent-builder-ui","Agent Builder UI","redirectUrl","https://agent-builder-ui-one.vercel.app/#/agents/product-discovery","Missing"
"agent-builder-ui","Agent Builder UI","lastVerified","https://agent-builder-ui-one.vercel.app/#/agents/product-discovery","Missing"
"amicro","Amicro","slug","https://amicro.vercel.app/","Missing"
"amicro","Amicro","description","https://amicro.vercel.app/","Missing"
"amicro","Amicro","subcategory","https://amicro.vercel.app/","Missing"
"amicro","Amicro","demo","https://amicro.vercel.app/","Missing"
"amicro","Amicro","documentation","https://amicro.vercel.app/","Missing"
"amicro","Amicro","github","https://amicro.vercel.app/","Missing"
"amicro","Amicro","video","https://amicro.vercel.app/","Missing"
"amicro","Amicro","framework","https://amicro.vercel.app/","Missing"
"amicro","Amicro","technology","https://amicro.vercel.app/","Missing"
"amicro","Amicro","httpStatus","https://amicro.vercel.app/","Missing"
"amicro","Amicro","redirectUrl","https://amicro.vercel.app/","Missing"
"amicro","Amicro","lastVerified","https://amicro.vercel.app/","Missing"
"angelolibero-surface-field","Angelolibero — Surface Field","slug","https://angelolibero.github.io/surface-field/","Missing"
"angelolibero-surface-field","Angelolibero — Surface Field","description","https://angelolibero.github.io/surface-field/","Missing"
"angelolibero-surface-field","Angelolibero — Surface Field","subcategory","https://angelolibero.github.io/surface-field/","Missing"
"angelolibero-surface-field","Angelolibero — Surface Field","demo","https://angelolibero.github.io/surface-field/","Missing"
"angelolibero-surface-field","Angelolibero — Surface Field","documentation","https://angelolibero.github.io/surface-field/","Missing"
"angelolibero-surface-field","Angelolibero — Surface Field","github","https://angelolibero.github.io/surface-field/","Missing"
"angelolibero-surface-field","Angelolibero — Surface Field","video","https://angelolibero.github.io/surface-field/","Missing"
"angelolibero-surface-field","Angelolibero — Surface Field","framework","https://angelolibero.github.io/surface-field/","Missing"
"angelolibero-surface-field","Angelolibero — Surface Field","technology","https://angelolibero.github.io/surface-field/","Missing"
"angelolibero-surface-field","Angelolibero — Surface Field","httpStatus","https://angelolibero.github.io/surface-field/","Missing"
"angelolibero-surface-field","Angelolibero — Surface Field","redirectUrl","https://angelolibero.github.io/surface-field/","Missing"
"angelolibero-surface-field","Angelolibero — Surface Field","lastVerified","https://angelolibero.github.io/surface-field/","Missing"
"animate-ui","Animate UI","slug","https://animate-ui.com/","Missing"
"animate-ui","Animate UI","description","https://animate-ui.com/","Missing"
"animate-ui","Animate UI","subcategory","https://animate-ui.com/","Missing"
"animate-ui","Animate UI","demo","https://animate-ui.com/","Missing"
"animate-ui","Animate UI","documentation","https://animate-ui.com/","Missing"
"animate-ui","Animate UI","github","https://animate-ui.com/","Missing"
"animate-ui","Animate UI","video","https://animate-ui.com/","Missing"
"animate-ui","Animate UI","framework","https://animate-ui.com/","Missing"
"animate-ui","Animate UI","technology","https://animate-ui.com/","Missing"
"animate-ui","Animate UI","httpStatus","https://animate-ui.com/","Missing"
"animate-ui","Animate UI","redirectUrl","https://animate-ui.com/","Missing"
"animate-ui","Animate UI","lastVerified","https://animate-ui.com/","Missing"
"animos","Animos","slug","https://animos.app/editor","Missing"
"animos","Animos","description","https://animos.app/editor","Missing"
"animos","Animos","subcategory","https://animos.app/editor","Missing"
"animos","Animos","demo","https://animos.app/editor","Missing"
"animos","Animos","documentation","https://animos.app/editor","Missing"
"animos","Animos","github","https://animos.app/editor","Missing"
"animos","Animos","video","https://animos.app/editor","Missing"
"animos","Animos","framework","https://animos.app/editor","Missing"
"animos","Animos","technology","https://animos.app/editor","Missing"
"animos","Animos","httpStatus","https://animos.app/editor","Missing"
"animos","Animos","redirectUrl","https://animos.app/editor","Missing"
"animos","Animos","lastVerified","https://animos.app/editor","Missing"
"ascii-magic","ASCII Magic","slug","https://www.ascii-magic.com/","Missing"
"ascii-magic","ASCII Magic","description","https://www.ascii-magic.com/","Missing"
"ascii-magic","ASCII Magic","subcategory","https://www.ascii-magic.com/","Missing"
"ascii-magic","ASCII Magic","demo","https://www.ascii-magic.com/","Missing"
"ascii-magic","ASCII Magic","documentation","https://www.ascii-magic.com/","Missing"
"ascii-magic","ASCII Magic","github","https://www.ascii-magic.com/","Missing"
"ascii-magic","ASCII Magic","video","https://www.ascii-magic.com/","Missing"
"ascii-magic","ASCII Magic","framework","https://www.ascii-magic.com/","Missing"
"ascii-magic","ASCII Magic","technology","https://www.ascii-magic.com/","Missing"
"ascii-magic","ASCII Magic","httpStatus","https://www.ascii-magic.com/","Missing"
"ascii-magic","ASCII Magic","redirectUrl","https://www.ascii-magic.com/","Missing"
"ascii-magic","ASCII Magic","lastVerified","https://www.ascii-magic.com/","Missing"
"be-ui","Be UI","slug","https://beui.dev/","Missing"
"be-ui","Be UI","description","https://beui.dev/","Missing"
"be-ui","Be UI","subcategory","https://beui.dev/","Missing"
"be-ui","Be UI","demo","https://beui.dev/","Missing"
"be-ui","Be UI","documentation","https://beui.dev/","Missing"
"be-ui","Be UI","github","https://beui.dev/","Missing"
"be-ui","Be UI","video","https://beui.dev/","Missing"
"be-ui","Be UI","framework","https://beui.dev/","Missing"
"be-ui","Be UI","technology","https://beui.dev/","Missing"
"be-ui","Be UI","httpStatus","https://beui.dev/","Missing"
"be-ui","Be UI","redirectUrl","https://beui.dev/","Missing"
"be-ui","Be UI","lastVerified","https://beui.dev/","Missing"
"bencho","Bencho","slug","https://bencho.dev/","Missing"
"bencho","Bencho","description","https://bencho.dev/","Missing"
"bencho","Bencho","subcategory","https://bencho.dev/","Missing"
"bencho","Bencho","demo","https://bencho.dev/","Missing"
"bencho","Bencho","documentation","https://bencho.dev/","Missing"
"bencho","Bencho","github","https://bencho.dev/","Missing"
"bencho","Bencho","video","https://bencho.dev/","Missing"
"bencho","Bencho","framework","https://bencho.dev/","Missing"
"bencho","Bencho","technology","https://bencho.dev/","Missing"
"bencho","Bencho","httpStatus","https://bencho.dev/","Missing"
"bencho","Bencho","redirectUrl","https://bencho.dev/","Missing"
"bencho","Bencho","lastVerified","https://bencho.dev/","Missing"
"best-website-template-couture","Best Website Template — Couture","slug","https://bestwebsitetemplate.com/templates/shopify/couture","Missing"
"best-website-template-couture","Best Website Template — Couture","description","https://bestwebsitetemplate.com/templates/shopify/couture","Missing"
"best-website-template-couture","Best Website Template — Couture","subcategory","https://bestwebsitetemplate.com/templates/shopify/couture","Missing"
"best-website-template-couture","Best Website Template — Couture","demo","https://bestwebsitetemplate.com/templates/shopify/couture","Missing"
"best-website-template-couture","Best Website Template — Couture","documentation","https://bestwebsitetemplate.com/templates/shopify/couture","Missing"
"best-website-template-couture","Best Website Template — Couture","github","https://bestwebsitetemplate.com/templates/shopify/couture","Missing"
"best-website-template-couture","Best Website Template — Couture","video","https://bestwebsitetemplate.com/templates/shopify/couture","Missing"
"best-website-template-couture","Best Website Template — Couture","framework","https://bestwebsitetemplate.com/templates/shopify/couture","Missing"
"best-website-template-couture","Best Website Template — Couture","technology","https://bestwebsitetemplate.com/templates/shopify/couture","Missing"
"best-website-template-couture","Best Website Template — Couture","httpStatus","https://bestwebsitetemplate.com/templates/shopify/couture","Missing"
"best-website-template-couture","Best Website Template — Couture","redirectUrl","https://bestwebsitetemplate.com/templates/shopify/couture","Missing"
"best-website-template-couture","Best Website Template — Couture","lastVerified","https://bestwebsitetemplate.com/templates/shopify/couture","Missing"
"best-website-templates-origo-studio","Best Website Templates — Origo Studio","slug","https://bestwebsitetemplate.com/templates/framer/origo-studio","Missing"
"best-website-templates-origo-studio","Best Website Templates — Origo Studio","description","https://bestwebsitetemplate.com/templates/framer/origo-studio","Missing"
"best-website-templates-origo-studio","Best Website Templates — Origo Studio","subcategory","https://bestwebsitetemplate.com/templates/framer/origo-studio","Missing"
"best-website-templates-origo-studio","Best Website Templates — Origo Studio","demo","https://bestwebsitetemplate.com/templates/framer/origo-studio","Missing"
"best-website-templates-origo-studio","Best Website Templates — Origo Studio","documentation","https://bestwebsitetemplate.com/templates/framer/origo-studio","Missing"
"best-website-templates-origo-studio","Best Website Templates — Origo Studio","github","https://bestwebsitetemplate.com/templates/framer/origo-studio","Missing"
"best-website-templates-origo-studio","Best Website Templates — Origo Studio","video","https://bestwebsitetemplate.com/templates/framer/origo-studio","Missing"
"best-website-templates-origo-studio","Best Website Templates — Origo Studio","framework","https://bestwebsitetemplate.com/templates/framer/origo-studio","Missing"
"best-website-templates-origo-studio","Best Website Templates — Origo Studio","technology","https://bestwebsitetemplate.com/templates/framer/origo-studio","Missing"
"best-website-templates-origo-studio","Best Website Templates — Origo Studio","httpStatus","https://bestwebsitetemplate.com/templates/framer/origo-studio","Missing"
"best-website-templates-origo-studio","Best Website Templates — Origo Studio","redirectUrl","https://bestwebsitetemplate.com/templates/framer/origo-studio","Missing"
"best-website-templates-origo-studio","Best Website Templates — Origo Studio","lastVerified","https://bestwebsitetemplate.com/templates/framer/origo-studio","Missing"
"bryant","Bryant","slug","https://bestwebsitetemplate.com/templates/webflow/bryant","Missing"
"bryant","Bryant","description","https://bestwebsitetemplate.com/templates/webflow/bryant","Missing"
"bryant","Bryant","subcategory","https://bestwebsitetemplate.com/templates/webflow/bryant","Missing"
"bryant","Bryant","demo","https://bestwebsitetemplate.com/templates/webflow/bryant","Missing"
"bryant","Bryant","documentation","https://bestwebsitetemplate.com/templates/webflow/bryant","Missing"
"bryant","Bryant","github","https://bestwebsitetemplate.com/templates/webflow/bryant","Missing"
"bryant","Bryant","video","https://bestwebsitetemplate.com/templates/webflow/bryant","Missing"
"bryant","Bryant","framework","https://bestwebsitetemplate.com/templates/webflow/bryant","Missing"
"bryant","Bryant","technology","https://bestwebsitetemplate.com/templates/webflow/bryant","Missing"
"bryant","Bryant","httpStatus","https://bestwebsitetemplate.com/templates/webflow/bryant","Missing"
"bryant","Bryant","redirectUrl","https://bestwebsitetemplate.com/templates/webflow/bryant","Missing"
"bryant","Bryant","lastVerified","https://bestwebsitetemplate.com/templates/webflow/bryant","Missing"
"bund-ui","Bund UI","slug","https://bundui.io/","Missing"
"bund-ui","Bund UI","description","https://bundui.io/","Missing"
"bund-ui","Bund UI","subcategory","https://bundui.io/","Missing"
"bund-ui","Bund UI","demo","https://bundui.io/","Missing"
"bund-ui","Bund UI","documentation","https://bundui.io/","Missing"
"bund-ui","Bund UI","github","https://bundui.io/","Missing"
"bund-ui","Bund UI","video","https://bundui.io/","Missing"
"bund-ui","Bund UI","framework","https://bundui.io/","Missing"
"bund-ui","Bund UI","technology","https://bundui.io/","Missing"
"bund-ui","Bund UI","httpStatus","https://bundui.io/","Missing"
"bund-ui","Bund UI","redirectUrl","https://bundui.io/","Missing"
"bund-ui","Bund UI","lastVerified","https://bundui.io/","Missing"
"campagano-rainier","Campagano — Rainier","slug","https://www.campagano.com/work/rainier","Missing"
"campagano-rainier","Campagano — Rainier","description","https://www.campagano.com/work/rainier","Missing"
"campagano-rainier","Campagano — Rainier","subcategory","https://www.campagano.com/work/rainier","Missing"
"campagano-rainier","Campagano — Rainier","demo","https://www.campagano.com/work/rainier","Missing"
"campagano-rainier","Campagano — Rainier","documentation","https://www.campagano.com/work/rainier","Missing"
"campagano-rainier","Campagano — Rainier","github","https://www.campagano.com/work/rainier","Missing"
"campagano-rainier","Campagano — Rainier","video","https://www.campagano.com/work/rainier","Missing"
"campagano-rainier","Campagano — Rainier","framework","https://www.campagano.com/work/rainier","Missing"
"campagano-rainier","Campagano — Rainier","technology","https://www.campagano.com/work/rainier","Missing"
"campagano-rainier","Campagano — Rainier","httpStatus","https://www.campagano.com/work/rainier","Missing"
"campagano-rainier","Campagano — Rainier","redirectUrl","https://www.campagano.com/work/rainier","Missing"
"campagano-rainier","Campagano — Rainier","lastVerified","https://www.campagano.com/work/rainier","Missing"
"central-sonatype-orb-motion","Central Sonatype — ORB Motion","slug","https://central.sonatype.com/artifact/io.github.valentinerutto/orbmotion","Missing"
"central-sonatype-orb-motion","Central Sonatype — ORB Motion","description","https://central.sonatype.com/artifact/io.github.valentinerutto/orbmotion","Missing"
"central-sonatype-orb-motion","Central Sonatype — ORB Motion","subcategory","https://central.sonatype.com/artifact/io.github.valentinerutto/orbmotion","Missing"
"central-sonatype-orb-motion","Central Sonatype — ORB Motion","demo","https://central.sonatype.com/artifact/io.github.valentinerutto/orbmotion","Missing"
"central-sonatype-orb-motion","Central Sonatype — ORB Motion","documentation","https://central.sonatype.com/artifact/io.github.valentinerutto/orbmotion","Missing"
"central-sonatype-orb-motion","Central Sonatype — ORB Motion","github","https://central.sonatype.com/artifact/io.github.valentinerutto/orbmotion","Missing"
"central-sonatype-orb-motion","Central Sonatype — ORB Motion","video","https://central.sonatype.com/artifact/io.github.valentinerutto/orbmotion","Missing"
"central-sonatype-orb-motion","Central Sonatype — ORB Motion","framework","https://central.sonatype.com/artifact/io.github.valentinerutto/orbmotion","Missing"
"central-sonatype-orb-motion","Central Sonatype — ORB Motion","technology","https://central.sonatype.com/artifact/io.github.valentinerutto/orbmotion","Missing"
"central-sonatype-orb-motion","Central Sonatype — ORB Motion","httpStatus","https://central.sonatype.com/artifact/io.github.valentinerutto/orbmotion","Missing"
"central-sonatype-orb-motion","Central Sonatype — ORB Motion","redirectUrl","https://central.sonatype.com/artifact/io.github.valentinerutto/orbmotion","Missing"
"central-sonatype-orb-motion","Central Sonatype — ORB Motion","lastVerified","https://central.sonatype.com/artifact/io.github.valentinerutto/orbmotion","Missing"
"clainstone-cbirds","Clainstone — CBirds","slug","https://github.com/clainstone/cbirds?twclid=2e0sd8655wi6drrjkzgnwro753","Missing"
"clainstone-cbirds","Clainstone — CBirds","description","https://github.com/clainstone/cbirds?twclid=2e0sd8655wi6drrjkzgnwro753","Missing"
"clainstone-cbirds","Clainstone — CBirds","subcategory","https://github.com/clainstone/cbirds?twclid=2e0sd8655wi6drrjkzgnwro753","Missing"
"clainstone-cbirds","Clainstone — CBirds","demo","https://github.com/clainstone/cbirds?twclid=2e0sd8655wi6drrjkzgnwro753","Missing"
"clainstone-cbirds","Clainstone — CBirds","documentation","https://github.com/clainstone/cbirds?twclid=2e0sd8655wi6drrjkzgnwro753","Missing"
"clainstone-cbirds","Clainstone — CBirds","github","https://github.com/clainstone/cbirds?twclid=2e0sd8655wi6drrjkzgnwro753","Missing"
"clainstone-cbirds","Clainstone — CBirds","video","https://github.com/clainstone/cbirds?twclid=2e0sd8655wi6drrjkzgnwro753","Missing"
"clainstone-cbirds","Clainstone — CBirds","framework","https://github.com/clainstone/cbirds?twclid=2e0sd8655wi6drrjkzgnwro753","Missing"
"clainstone-cbirds","Clainstone — CBirds","technology","https://github.com/clainstone/cbirds?twclid=2e0sd8655wi6drrjkzgnwro753","Missing"
"clainstone-cbirds","Clainstone — CBirds","httpStatus","https://github.com/clainstone/cbirds?twclid=2e0sd8655wi6drrjkzgnwro753","Missing"
"clainstone-cbirds","Clainstone — CBirds","redirectUrl","https://github.com/clainstone/cbirds?twclid=2e0sd8655wi6drrjkzgnwro753","Missing"
"clainstone-cbirds","Clainstone — CBirds","lastVerified","https://github.com/clainstone/cbirds?twclid=2e0sd8655wi6drrjkzgnwro753","Missing"
"cooldock","Cooldock","slug","https://cooldock.app/","Missing"
"cooldock","Cooldock","description","https://cooldock.app/","Missing"
"cooldock","Cooldock","subcategory","https://cooldock.app/","Missing"
"cooldock","Cooldock","demo","https://cooldock.app/","Missing"
"cooldock","Cooldock","documentation","https://cooldock.app/","Missing"
"cooldock","Cooldock","github","https://cooldock.app/","Missing"
"cooldock","Cooldock","video","https://cooldock.app/","Missing"
"cooldock","Cooldock","framework","https://cooldock.app/","Missing"
"cooldock","Cooldock","technology","https://cooldock.app/","Missing"
"cooldock","Cooldock","httpStatus","https://cooldock.app/","Missing"
"cooldock","Cooldock","redirectUrl","https://cooldock.app/","Missing"
"cooldock","Cooldock","lastVerified","https://cooldock.app/","Missing"
"craft-ui","Craft UI","slug","https://www.craftui.space/loaders?slug=group--solar","Missing"
"craft-ui","Craft UI","description","https://www.craftui.space/loaders?slug=group--solar","Missing"
"craft-ui","Craft UI","subcategory","https://www.craftui.space/loaders?slug=group--solar","Missing"
"craft-ui","Craft UI","demo","https://www.craftui.space/loaders?slug=group--solar","Missing"
"craft-ui","Craft UI","documentation","https://www.craftui.space/loaders?slug=group--solar","Missing"
"craft-ui","Craft UI","github","https://www.craftui.space/loaders?slug=group--solar","Missing"
"craft-ui","Craft UI","video","https://www.craftui.space/loaders?slug=group--solar","Missing"
"craft-ui","Craft UI","framework","https://www.craftui.space/loaders?slug=group--solar","Missing"
"craft-ui","Craft UI","technology","https://www.craftui.space/loaders?slug=group--solar","Missing"
"craft-ui","Craft UI","httpStatus","https://www.craftui.space/loaders?slug=group--solar","Missing"
"craft-ui","Craft UI","redirectUrl","https://www.craftui.space/loaders?slug=group--solar","Missing"
"craft-ui","Craft UI","lastVerified","https://www.craftui.space/loaders?slug=group--solar","Missing"
"css-design-awards-the-ride","CSS Design Awards — The Ride","slug","https://www.cssdesignawards.com/sites/the-ride/50163/","Missing"
"css-design-awards-the-ride","CSS Design Awards — The Ride","description","https://www.cssdesignawards.com/sites/the-ride/50163/","Missing"
"css-design-awards-the-ride","CSS Design Awards — The Ride","subcategory","https://www.cssdesignawards.com/sites/the-ride/50163/","Missing"
"css-design-awards-the-ride","CSS Design Awards — The Ride","demo","https://www.cssdesignawards.com/sites/the-ride/50163/","Missing"
"css-design-awards-the-ride","CSS Design Awards — The Ride","documentation","https://www.cssdesignawards.com/sites/the-ride/50163/","Missing"
"css-design-awards-the-ride","CSS Design Awards — The Ride","github","https://www.cssdesignawards.com/sites/the-ride/50163/","Missing"
"css-design-awards-the-ride","CSS Design Awards — The Ride","video","https://www.cssdesignawards.com/sites/the-ride/50163/","Missing"
"css-design-awards-the-ride","CSS Design Awards — The Ride","framework","https://www.cssdesignawards.com/sites/the-ride/50163/","Missing"
"css-design-awards-the-ride","CSS Design Awards — The Ride","technology","https://www.cssdesignawards.com/sites/the-ride/50163/","Missing"
"css-design-awards-the-ride","CSS Design Awards — The Ride","httpStatus","https://www.cssdesignawards.com/sites/the-ride/50163/","Missing"
"css-design-awards-the-ride","CSS Design Awards — The Ride","redirectUrl","https://www.cssdesignawards.com/sites/the-ride/50163/","Missing"
"css-design-awards-the-ride","CSS Design Awards — The Ride","lastVerified","https://www.cssdesignawards.com/sites/the-ride/50163/","Missing"
"cult-ui","Cult UI","slug","https://www.cult-ui.com/","Missing"
"cult-ui","Cult UI","description","https://www.cult-ui.com/","Missing"
"cult-ui","Cult UI","subcategory","https://www.cult-ui.com/","Missing"
"cult-ui","Cult UI","demo","https://www.cult-ui.com/","Missing"
"cult-ui","Cult UI","documentation","https://www.cult-ui.com/","Missing"
"cult-ui","Cult UI","github","https://www.cult-ui.com/","Missing"
"cult-ui","Cult UI","video","https://www.cult-ui.com/","Missing"
"cult-ui","Cult UI","framework","https://www.cult-ui.com/","Missing"
"cult-ui","Cult UI","technology","https://www.cult-ui.com/","Missing"
"cult-ui","Cult UI","httpStatus","https://www.cult-ui.com/","Missing"
"cult-ui","Cult UI","redirectUrl","https://www.cult-ui.com/","Missing"
"cult-ui","Cult UI","lastVerified","https://www.cult-ui.com/","Missing"
"cutting-mat-background-generator","Cutting Mat Background Generator","slug","https://cutting-mat-generator.vercel.app/","Missing"
"cutting-mat-background-generator","Cutting Mat Background Generator","description","https://cutting-mat-generator.vercel.app/","Missing"
"cutting-mat-background-generator","Cutting Mat Background Generator","subcategory","https://cutting-mat-generator.vercel.app/","Missing"
"cutting-mat-background-generator","Cutting Mat Background Generator","demo","https://cutting-mat-generator.vercel.app/","Missing"
"cutting-mat-background-generator","Cutting Mat Background Generator","documentation","https://cutting-mat-generator.vercel.app/","Missing"
"cutting-mat-background-generator","Cutting Mat Background Generator","github","https://cutting-mat-generator.vercel.app/","Missing"
"cutting-mat-background-generator","Cutting Mat Background Generator","video","https://cutting-mat-generator.vercel.app/","Missing"
"cutting-mat-background-generator","Cutting Mat Background Generator","framework","https://cutting-mat-generator.vercel.app/","Missing"
"cutting-mat-background-generator","Cutting Mat Background Generator","technology","https://cutting-mat-generator.vercel.app/","Missing"
"cutting-mat-background-generator","Cutting Mat Background Generator","httpStatus","https://cutting-mat-generator.vercel.app/","Missing"
"cutting-mat-background-generator","Cutting Mat Background Generator","redirectUrl","https://cutting-mat-generator.vercel.app/","Missing"
"cutting-mat-background-generator","Cutting Mat Background Generator","lastVerified","https://cutting-mat-generator.vercel.app/","Missing"
"destroy-spritefusion","Destroy — Spritefusion","slug","https://destroy.spritefusion.com/","Missing"
"destroy-spritefusion","Destroy — Spritefusion","description","https://destroy.spritefusion.com/","Missing"
"destroy-spritefusion","Destroy — Spritefusion","subcategory","https://destroy.spritefusion.com/","Missing"
"destroy-spritefusion","Destroy — Spritefusion","demo","https://destroy.spritefusion.com/","Missing"
"destroy-spritefusion","Destroy — Spritefusion","documentation","https://destroy.spritefusion.com/","Missing"
"destroy-spritefusion","Destroy — Spritefusion","github","https://destroy.spritefusion.com/","Missing"
"destroy-spritefusion","Destroy — Spritefusion","video","https://destroy.spritefusion.com/","Missing"
"destroy-spritefusion","Destroy — Spritefusion","framework","https://destroy.spritefusion.com/","Missing"
"destroy-spritefusion","Destroy — Spritefusion","technology","https://destroy.spritefusion.com/","Missing"
"destroy-spritefusion","Destroy — Spritefusion","httpStatus","https://destroy.spritefusion.com/","Missing"
"destroy-spritefusion","Destroy — Spritefusion","redirectUrl","https://destroy.spritefusion.com/","Missing"
"destroy-spritefusion","Destroy — Spritefusion","lastVerified","https://destroy.spritefusion.com/","Missing"
"dither-garden","Dither Garden","slug","https://www.dithergarden.com/","Missing"
"dither-garden","Dither Garden","description","https://www.dithergarden.com/","Missing"
"dither-garden","Dither Garden","subcategory","https://www.dithergarden.com/","Missing"
"dither-garden","Dither Garden","demo","https://www.dithergarden.com/","Missing"
"dither-garden","Dither Garden","documentation","https://www.dithergarden.com/","Missing"
"dither-garden","Dither Garden","github","https://www.dithergarden.com/","Missing"
"dither-garden","Dither Garden","video","https://www.dithergarden.com/","Missing"
"dither-garden","Dither Garden","framework","https://www.dithergarden.com/","Missing"
"dither-garden","Dither Garden","technology","https://www.dithergarden.com/","Missing"
"dither-garden","Dither Garden","httpStatus","https://www.dithergarden.com/","Missing"
"dither-garden","Dither Garden","redirectUrl","https://www.dithergarden.com/","Missing"
"dither-garden","Dither Garden","lastVerified","https://www.dithergarden.com/","Missing"
"dither-me-this","Dither Me This","slug","https://doodad.dev/dither-me-this/","Missing"
"dither-me-this","Dither Me This","description","https://doodad.dev/dither-me-this/","Missing"
"dither-me-this","Dither Me This","subcategory","https://doodad.dev/dither-me-this/","Missing"
"dither-me-this","Dither Me This","demo","https://doodad.dev/dither-me-this/","Missing"
"dither-me-this","Dither Me This","documentation","https://doodad.dev/dither-me-this/","Missing"
"dither-me-this","Dither Me This","github","https://doodad.dev/dither-me-this/","Missing"
"dither-me-this","Dither Me This","video","https://doodad.dev/dither-me-this/","Missing"
"dither-me-this","Dither Me This","framework","https://doodad.dev/dither-me-this/","Missing"
"dither-me-this","Dither Me This","technology","https://doodad.dev/dither-me-this/","Missing"
"dither-me-this","Dither Me This","httpStatus","https://doodad.dev/dither-me-this/","Missing"
"dither-me-this","Dither Me This","redirectUrl","https://doodad.dev/dither-me-this/","Missing"
"dither-me-this","Dither Me This","lastVerified","https://doodad.dev/dither-me-this/","Missing"
"docent-js","Docent.js","slug","https://docentjs.dev/","Missing"
"docent-js","Docent.js","description","https://docentjs.dev/","Missing"
"docent-js","Docent.js","subcategory","https://docentjs.dev/","Missing"
"docent-js","Docent.js","demo","https://docentjs.dev/","Missing"
"docent-js","Docent.js","documentation","https://docentjs.dev/","Missing"
"docent-js","Docent.js","github","https://docentjs.dev/","Missing"
"docent-js","Docent.js","video","https://docentjs.dev/","Missing"
"docent-js","Docent.js","framework","https://docentjs.dev/","Missing"
"docent-js","Docent.js","technology","https://docentjs.dev/","Missing"
"docent-js","Docent.js","httpStatus","https://docentjs.dev/","Missing"
"docent-js","Docent.js","redirectUrl","https://docentjs.dev/","Missing"
"docent-js","Docent.js","lastVerified","https://docentjs.dev/","Missing"
"dot-forge","Dot Forge","slug","https://dotforge.vercel.app/","Missing"
"dot-forge","Dot Forge","description","https://dotforge.vercel.app/","Missing"
"dot-forge","Dot Forge","subcategory","https://dotforge.vercel.app/","Missing"
"dot-forge","Dot Forge","demo","https://dotforge.vercel.app/","Missing"
"dot-forge","Dot Forge","documentation","https://dotforge.vercel.app/","Missing"
"dot-forge","Dot Forge","github","https://dotforge.vercel.app/","Missing"
"dot-forge","Dot Forge","video","https://dotforge.vercel.app/","Missing"
"dot-forge","Dot Forge","framework","https://dotforge.vercel.app/","Missing"
"dot-forge","Dot Forge","technology","https://dotforge.vercel.app/","Missing"
"dot-forge","Dot Forge","httpStatus","https://dotforge.vercel.app/","Missing"
"dot-forge","Dot Forge","redirectUrl","https://dotforge.vercel.app/","Missing"
"dot-forge","Dot Forge","lastVerified","https://dotforge.vercel.app/","Missing"
"eve-mocks","Eve Mocks","slug","https://eve-mocks.vercel.app/","Missing"
"eve-mocks","Eve Mocks","description","https://eve-mocks.vercel.app/","Missing"
"eve-mocks","Eve Mocks","subcategory","https://eve-mocks.vercel.app/","Missing"
"eve-mocks","Eve Mocks","demo","https://eve-mocks.vercel.app/","Missing"
"eve-mocks","Eve Mocks","documentation","https://eve-mocks.vercel.app/","Missing"
"eve-mocks","Eve Mocks","github","https://eve-mocks.vercel.app/","Missing"
"eve-mocks","Eve Mocks","video","https://eve-mocks.vercel.app/","Missing"
"eve-mocks","Eve Mocks","framework","https://eve-mocks.vercel.app/","Missing"
"eve-mocks","Eve Mocks","technology","https://eve-mocks.vercel.app/","Missing"
"eve-mocks","Eve Mocks","httpStatus","https://eve-mocks.vercel.app/","Missing"
"eve-mocks","Eve Mocks","redirectUrl","https://eve-mocks.vercel.app/","Missing"
"eve-mocks","Eve Mocks","lastVerified","https://eve-mocks.vercel.app/","Missing"
"forge-ui","Forge UI","slug","https://forgeui.in/","Missing"
"forge-ui","Forge UI","description","https://forgeui.in/","Missing"
"forge-ui","Forge UI","subcategory","https://forgeui.in/","Missing"
"forge-ui","Forge UI","demo","https://forgeui.in/","Missing"
"forge-ui","Forge UI","documentation","https://forgeui.in/","Missing"
"forge-ui","Forge UI","github","https://forgeui.in/","Missing"
"forge-ui","Forge UI","video","https://forgeui.in/","Missing"
"forge-ui","Forge UI","framework","https://forgeui.in/","Missing"
"forge-ui","Forge UI","technology","https://forgeui.in/","Missing"
"forge-ui","Forge UI","httpStatus","https://forgeui.in/","Missing"
"forge-ui","Forge UI","redirectUrl","https://forgeui.in/","Missing"
"forge-ui","Forge UI","lastVerified","https://forgeui.in/","Missing"
"frontend-anthropic-design-skill","Frontend — Anthropic Design Skill","slug","https://www.ui-skills.com/skills/anthropics/frontend-design","Missing"
"frontend-anthropic-design-skill","Frontend — Anthropic Design Skill","description","https://www.ui-skills.com/skills/anthropics/frontend-design","Missing"
"frontend-anthropic-design-skill","Frontend — Anthropic Design Skill","subcategory","https://www.ui-skills.com/skills/anthropics/frontend-design","Missing"
"frontend-anthropic-design-skill","Frontend — Anthropic Design Skill","demo","https://www.ui-skills.com/skills/anthropics/frontend-design","Missing"
"frontend-anthropic-design-skill","Frontend — Anthropic Design Skill","documentation","https://www.ui-skills.com/skills/anthropics/frontend-design","Missing"
"frontend-anthropic-design-skill","Frontend — Anthropic Design Skill","github","https://www.ui-skills.com/skills/anthropics/frontend-design","Missing"
"frontend-anthropic-design-skill","Frontend — Anthropic Design Skill","video","https://www.ui-skills.com/skills/anthropics/frontend-design","Missing"
"frontend-anthropic-design-skill","Frontend — Anthropic Design Skill","framework","https://www.ui-skills.com/skills/anthropics/frontend-design","Missing"
"frontend-anthropic-design-skill","Frontend — Anthropic Design Skill","technology","https://www.ui-skills.com/skills/anthropics/frontend-design","Missing"
"frontend-anthropic-design-skill","Frontend — Anthropic Design Skill","httpStatus","https://www.ui-skills.com/skills/anthropics/frontend-design","Missing"
"frontend-anthropic-design-skill","Frontend — Anthropic Design Skill","redirectUrl","https://www.ui-skills.com/skills/anthropics/frontend-design","Missing"
"frontend-anthropic-design-skill","Frontend — Anthropic Design Skill","lastVerified","https://www.ui-skills.com/skills/anthropics/frontend-design","Missing"
"game-ui","Game UI","slug","https://takayustudio.jp/","Missing"
"game-ui","Game UI","description","https://takayustudio.jp/","Missing"
"game-ui","Game UI","subcategory","https://takayustudio.jp/","Missing"
"game-ui","Game UI","demo","https://takayustudio.jp/","Missing"
"game-ui","Game UI","documentation","https://takayustudio.jp/","Missing"
"game-ui","Game UI","github","https://takayustudio.jp/","Missing"
"game-ui","Game UI","video","https://takayustudio.jp/","Missing"
"game-ui","Game UI","framework","https://takayustudio.jp/","Missing"
"game-ui","Game UI","technology","https://takayustudio.jp/","Missing"
"game-ui","Game UI","httpStatus","https://takayustudio.jp/","Missing"
"game-ui","Game UI","redirectUrl","https://takayustudio.jp/","Missing"
"game-ui","Game UI","lastVerified","https://takayustudio.jp/","Missing"
"get-droppy","Get Droppy","slug","https://getdroppy.app/","Missing"
"get-droppy","Get Droppy","description","https://getdroppy.app/","Missing"
"get-droppy","Get Droppy","subcategory","https://getdroppy.app/","Missing"
"get-droppy","Get Droppy","demo","https://getdroppy.app/","Missing"
"get-droppy","Get Droppy","documentation","https://getdroppy.app/","Missing"
"get-droppy","Get Droppy","github","https://getdroppy.app/","Missing"
"get-droppy","Get Droppy","video","https://getdroppy.app/","Missing"
"get-droppy","Get Droppy","framework","https://getdroppy.app/","Missing"
"get-droppy","Get Droppy","technology","https://getdroppy.app/","Missing"
"get-droppy","Get Droppy","httpStatus","https://getdroppy.app/","Missing"
"get-droppy","Get Droppy","redirectUrl","https://getdroppy.app/","Missing"
"get-droppy","Get Droppy","lastVerified","https://getdroppy.app/","Missing"
"getlayers-ai","GetLayers AI","slug","https://www.getlayers.ai/","Missing"
"getlayers-ai","GetLayers AI","description","https://www.getlayers.ai/","Missing"
"getlayers-ai","GetLayers AI","subcategory","https://www.getlayers.ai/","Missing"
"getlayers-ai","GetLayers AI","demo","https://www.getlayers.ai/","Missing"
"getlayers-ai","GetLayers AI","documentation","https://www.getlayers.ai/","Missing"
"getlayers-ai","GetLayers AI","github","https://www.getlayers.ai/","Missing"
"getlayers-ai","GetLayers AI","video","https://www.getlayers.ai/","Missing"
"getlayers-ai","GetLayers AI","framework","https://www.getlayers.ai/","Missing"
"getlayers-ai","GetLayers AI","technology","https://www.getlayers.ai/","Missing"
"getlayers-ai","GetLayers AI","httpStatus","https://www.getlayers.ai/","Missing"
"getlayers-ai","GetLayers AI","redirectUrl","https://www.getlayers.ai/","Missing"
"getlayers-ai","GetLayers AI","lastVerified","https://www.getlayers.ai/","Missing"
"griflan","Griflan","slug","https://griflan.com/","Missing"
"griflan","Griflan","description","https://griflan.com/","Missing"
"griflan","Griflan","subcategory","https://griflan.com/","Missing"
"griflan","Griflan","demo","https://griflan.com/","Missing"
"griflan","Griflan","documentation","https://griflan.com/","Missing"
"griflan","Griflan","github","https://griflan.com/","Missing"
"griflan","Griflan","video","https://griflan.com/","Missing"
"griflan","Griflan","framework","https://griflan.com/","Missing"
"griflan","Griflan","technology","https://griflan.com/","Missing"
"griflan","Griflan","httpStatus","https://griflan.com/","Missing"
"griflan","Griflan","redirectUrl","https://griflan.com/","Missing"
"griflan","Griflan","lastVerified","https://griflan.com/","Missing"
"halftone-maker","Halftone Maker","slug","https://halftonemaker.com/","Missing"
"halftone-maker","Halftone Maker","description","https://halftonemaker.com/","Missing"
"halftone-maker","Halftone Maker","subcategory","https://halftonemaker.com/","Missing"
"halftone-maker","Halftone Maker","demo","https://halftonemaker.com/","Missing"
"halftone-maker","Halftone Maker","documentation","https://halftonemaker.com/","Missing"
"halftone-maker","Halftone Maker","github","https://halftonemaker.com/","Missing"
"halftone-maker","Halftone Maker","video","https://halftonemaker.com/","Missing"
"halftone-maker","Halftone Maker","framework","https://halftonemaker.com/","Missing"
"halftone-maker","Halftone Maker","technology","https://halftonemaker.com/","Missing"
"halftone-maker","Halftone Maker","httpStatus","https://halftonemaker.com/","Missing"
"halftone-maker","Halftone Maker","redirectUrl","https://halftonemaker.com/","Missing"
"halftone-maker","Halftone Maker","lastVerified","https://halftonemaker.com/","Missing"
"inspirectory","Inspirectory","slug","https://inspirectory.com/","Missing"
"inspirectory","Inspirectory","description","https://inspirectory.com/","Missing"
"inspirectory","Inspirectory","subcategory","https://inspirectory.com/","Missing"
"inspirectory","Inspirectory","demo","https://inspirectory.com/","Missing"
"inspirectory","Inspirectory","documentation","https://inspirectory.com/","Missing"
"inspirectory","Inspirectory","github","https://inspirectory.com/","Missing"
"inspirectory","Inspirectory","video","https://inspirectory.com/","Missing"
"inspirectory","Inspirectory","framework","https://inspirectory.com/","Missing"
"inspirectory","Inspirectory","technology","https://inspirectory.com/","Missing"
"inspirectory","Inspirectory","httpStatus","https://inspirectory.com/","Missing"
"inspirectory","Inspirectory","redirectUrl","https://inspirectory.com/","Missing"
"inspirectory","Inspirectory","lastVerified","https://inspirectory.com/","Missing"
"joglo-pages","Joglo Pages","slug","https://joglo.pages.dev/","Missing"
"joglo-pages","Joglo Pages","description","https://joglo.pages.dev/","Missing"
"joglo-pages","Joglo Pages","subcategory","https://joglo.pages.dev/","Missing"
"joglo-pages","Joglo Pages","demo","https://joglo.pages.dev/","Missing"
"joglo-pages","Joglo Pages","documentation","https://joglo.pages.dev/","Missing"
"joglo-pages","Joglo Pages","github","https://joglo.pages.dev/","Missing"
"joglo-pages","Joglo Pages","video","https://joglo.pages.dev/","Missing"
"joglo-pages","Joglo Pages","framework","https://joglo.pages.dev/","Missing"
"joglo-pages","Joglo Pages","technology","https://joglo.pages.dev/","Missing"
"joglo-pages","Joglo Pages","httpStatus","https://joglo.pages.dev/","Missing"
"joglo-pages","Joglo Pages","redirectUrl","https://joglo.pages.dev/","Missing"
"joglo-pages","Joglo Pages","lastVerified","https://joglo.pages.dev/","Missing"
"kaitosec","KaitoSec","slug","https://kaitosec.app/","Missing"
"kaitosec","KaitoSec","description","https://kaitosec.app/","Missing"
"kaitosec","KaitoSec","subcategory","https://kaitosec.app/","Missing"
"kaitosec","KaitoSec","demo","https://kaitosec.app/","Missing"
"kaitosec","KaitoSec","documentation","https://kaitosec.app/","Missing"
"kaitosec","KaitoSec","github","https://kaitosec.app/","Missing"
"kaitosec","KaitoSec","video","https://kaitosec.app/","Missing"
"kaitosec","KaitoSec","framework","https://kaitosec.app/","Missing"
"kaitosec","KaitoSec","technology","https://kaitosec.app/","Missing"
"kaitosec","KaitoSec","httpStatus","https://kaitosec.app/","Missing"
"kaitosec","KaitoSec","redirectUrl","https://kaitosec.app/","Missing"
"kaitosec","KaitoSec","lastVerified","https://kaitosec.app/","Missing"
"kamran-candle","Kamran — Candle","slug","https://kamran.fyi/candle","Missing"
"kamran-candle","Kamran — Candle","description","https://kamran.fyi/candle","Missing"
"kamran-candle","Kamran — Candle","subcategory","https://kamran.fyi/candle","Missing"
"kamran-candle","Kamran — Candle","demo","https://kamran.fyi/candle","Missing"
"kamran-candle","Kamran — Candle","documentation","https://kamran.fyi/candle","Missing"
"kamran-candle","Kamran — Candle","github","https://kamran.fyi/candle","Missing"
"kamran-candle","Kamran — Candle","video","https://kamran.fyi/candle","Missing"
"kamran-candle","Kamran — Candle","framework","https://kamran.fyi/candle","Missing"
"kamran-candle","Kamran — Candle","technology","https://kamran.fyi/candle","Missing"
"kamran-candle","Kamran — Candle","httpStatus","https://kamran.fyi/candle","Missing"
"kamran-candle","Kamran — Candle","redirectUrl","https://kamran.fyi/candle","Missing"
"kamran-candle","Kamran — Candle","lastVerified","https://kamran.fyi/candle","Missing"
"kargul","Kargul","slug","https://kargul.studio/","Missing"
"kargul","Kargul","description","https://kargul.studio/","Missing"
"kargul","Kargul","subcategory","https://kargul.studio/","Missing"
"kargul","Kargul","demo","https://kargul.studio/","Missing"
"kargul","Kargul","documentation","https://kargul.studio/","Missing"
"kargul","Kargul","github","https://kargul.studio/","Missing"
"kargul","Kargul","video","https://kargul.studio/","Missing"
"kargul","Kargul","framework","https://kargul.studio/","Missing"
"kargul","Kargul","technology","https://kargul.studio/","Missing"
"kargul","Kargul","httpStatus","https://kargul.studio/","Missing"
"kargul","Kargul","redirectUrl","https://kargul.studio/","Missing"
"kargul","Kargul","lastVerified","https://kargul.studio/","Missing"
"kernel-workshop","Kernel Workshop","slug","https://kernelworkshop.vizuara.ai/?twclid=2f39nqbfd4zs2mm21hsalga3rz","Missing"
"kernel-workshop","Kernel Workshop","description","https://kernelworkshop.vizuara.ai/?twclid=2f39nqbfd4zs2mm21hsalga3rz","Missing"
"kernel-workshop","Kernel Workshop","subcategory","https://kernelworkshop.vizuara.ai/?twclid=2f39nqbfd4zs2mm21hsalga3rz","Missing"
"kernel-workshop","Kernel Workshop","demo","https://kernelworkshop.vizuara.ai/?twclid=2f39nqbfd4zs2mm21hsalga3rz","Missing"
"kernel-workshop","Kernel Workshop","documentation","https://kernelworkshop.vizuara.ai/?twclid=2f39nqbfd4zs2mm21hsalga3rz","Missing"
"kernel-workshop","Kernel Workshop","github","https://kernelworkshop.vizuara.ai/?twclid=2f39nqbfd4zs2mm21hsalga3rz","Missing"
"kernel-workshop","Kernel Workshop","video","https://kernelworkshop.vizuara.ai/?twclid=2f39nqbfd4zs2mm21hsalga3rz","Missing"
"kernel-workshop","Kernel Workshop","framework","https://kernelworkshop.vizuara.ai/?twclid=2f39nqbfd4zs2mm21hsalga3rz","Missing"
"kernel-workshop","Kernel Workshop","technology","https://kernelworkshop.vizuara.ai/?twclid=2f39nqbfd4zs2mm21hsalga3rz","Missing"
"kernel-workshop","Kernel Workshop","httpStatus","https://kernelworkshop.vizuara.ai/?twclid=2f39nqbfd4zs2mm21hsalga3rz","Missing"
"kernel-workshop","Kernel Workshop","redirectUrl","https://kernelworkshop.vizuara.ai/?twclid=2f39nqbfd4zs2mm21hsalga3rz","Missing"
"kernel-workshop","Kernel Workshop","lastVerified","https://kernelworkshop.vizuara.ai/?twclid=2f39nqbfd4zs2mm21hsalga3rz","Missing"
"kinetics","Kinetics","slug","https://kinetics.colorion.co/","Missing"
"kinetics","Kinetics","description","https://kinetics.colorion.co/","Missing"
"kinetics","Kinetics","subcategory","https://kinetics.colorion.co/","Missing"
"kinetics","Kinetics","demo","https://kinetics.colorion.co/","Missing"
"kinetics","Kinetics","documentation","https://kinetics.colorion.co/","Missing"
"kinetics","Kinetics","github","https://kinetics.colorion.co/","Missing"
"kinetics","Kinetics","video","https://kinetics.colorion.co/","Missing"
"kinetics","Kinetics","framework","https://kinetics.colorion.co/","Missing"
"kinetics","Kinetics","technology","https://kinetics.colorion.co/","Missing"
"kinetics","Kinetics","httpStatus","https://kinetics.colorion.co/","Missing"
"kinetics","Kinetics","redirectUrl","https://kinetics.colorion.co/","Missing"
"kinetics","Kinetics","lastVerified","https://kinetics.colorion.co/","Missing"
"kobra-system-react-magnetic-dropzone","Kobra System — React Magnetic Dropzone","slug","https://kobra.systems/components/magnetic-dropzone","Missing"
"kobra-system-react-magnetic-dropzone","Kobra System — React Magnetic Dropzone","description","https://kobra.systems/components/magnetic-dropzone","Missing"
"kobra-system-react-magnetic-dropzone","Kobra System — React Magnetic Dropzone","subcategory","https://kobra.systems/components/magnetic-dropzone","Missing"
"kobra-system-react-magnetic-dropzone","Kobra System — React Magnetic Dropzone","demo","https://kobra.systems/components/magnetic-dropzone","Missing"
"kobra-system-react-magnetic-dropzone","Kobra System — React Magnetic Dropzone","documentation","https://kobra.systems/components/magnetic-dropzone","Missing"
"kobra-system-react-magnetic-dropzone","Kobra System — React Magnetic Dropzone","github","https://kobra.systems/components/magnetic-dropzone","Missing"
"kobra-system-react-magnetic-dropzone","Kobra System — React Magnetic Dropzone","video","https://kobra.systems/components/magnetic-dropzone","Missing"
"kobra-system-react-magnetic-dropzone","Kobra System — React Magnetic Dropzone","framework","https://kobra.systems/components/magnetic-dropzone","Missing"
"kobra-system-react-magnetic-dropzone","Kobra System — React Magnetic Dropzone","technology","https://kobra.systems/components/magnetic-dropzone","Missing"
"kobra-system-react-magnetic-dropzone","Kobra System — React Magnetic Dropzone","httpStatus","https://kobra.systems/components/magnetic-dropzone","Missing"
"kobra-system-react-magnetic-dropzone","Kobra System — React Magnetic Dropzone","redirectUrl","https://kobra.systems/components/magnetic-dropzone","Missing"
"kobra-system-react-magnetic-dropzone","Kobra System — React Magnetic Dropzone","lastVerified","https://kobra.systems/components/magnetic-dropzone","Missing"
"light-rails","Light Rails","slug","https://light-stroke-rail.vercel.app/","Missing"
"light-rails","Light Rails","description","https://light-stroke-rail.vercel.app/","Missing"
"light-rails","Light Rails","subcategory","https://light-stroke-rail.vercel.app/","Missing"
"light-rails","Light Rails","demo","https://light-stroke-rail.vercel.app/","Missing"
"light-rails","Light Rails","documentation","https://light-stroke-rail.vercel.app/","Missing"
"light-rails","Light Rails","github","https://light-stroke-rail.vercel.app/","Missing"
"light-rails","Light Rails","video","https://light-stroke-rail.vercel.app/","Missing"
"light-rails","Light Rails","framework","https://light-stroke-rail.vercel.app/","Missing"
"light-rails","Light Rails","technology","https://light-stroke-rail.vercel.app/","Missing"
"light-rails","Light Rails","httpStatus","https://light-stroke-rail.vercel.app/","Missing"
"light-rails","Light Rails","redirectUrl","https://light-stroke-rail.vercel.app/","Missing"
"light-rails","Light Rails","lastVerified","https://light-stroke-rail.vercel.app/","Missing"
"loadmo","Loadmo","slug","https://loadmo.re/","Missing"
"loadmo","Loadmo","description","https://loadmo.re/","Missing"
"loadmo","Loadmo","subcategory","https://loadmo.re/","Missing"
"loadmo","Loadmo","demo","https://loadmo.re/","Missing"
"loadmo","Loadmo","documentation","https://loadmo.re/","Missing"
"loadmo","Loadmo","github","https://loadmo.re/","Missing"
"loadmo","Loadmo","video","https://loadmo.re/","Missing"
"loadmo","Loadmo","framework","https://loadmo.re/","Missing"
"loadmo","Loadmo","technology","https://loadmo.re/","Missing"
"loadmo","Loadmo","httpStatus","https://loadmo.re/","Missing"
"loadmo","Loadmo","redirectUrl","https://loadmo.re/","Missing"
"loadmo","Loadmo","lastVerified","https://loadmo.re/","Missing"
"local-mode-ui","Local Mode UI","slug","https://localmode.ai/","Missing"
"local-mode-ui","Local Mode UI","description","https://localmode.ai/","Missing"
"local-mode-ui","Local Mode UI","subcategory","https://localmode.ai/","Missing"
"local-mode-ui","Local Mode UI","demo","https://localmode.ai/","Missing"
"local-mode-ui","Local Mode UI","documentation","https://localmode.ai/","Missing"
"local-mode-ui","Local Mode UI","github","https://localmode.ai/","Missing"
"local-mode-ui","Local Mode UI","video","https://localmode.ai/","Missing"
"local-mode-ui","Local Mode UI","framework","https://localmode.ai/","Missing"
"local-mode-ui","Local Mode UI","technology","https://localmode.ai/","Missing"
"local-mode-ui","Local Mode UI","httpStatus","https://localmode.ai/","Missing"
"local-mode-ui","Local Mode UI","redirectUrl","https://localmode.ai/","Missing"
"local-mode-ui","Local Mode UI","lastVerified","https://localmode.ai/","Missing"
"logggos","Logggos","slug","https://www.logggos.club/","Missing"
"logggos","Logggos","description","https://www.logggos.club/","Missing"
"logggos","Logggos","subcategory","https://www.logggos.club/","Missing"
"logggos","Logggos","demo","https://www.logggos.club/","Missing"
"logggos","Logggos","documentation","https://www.logggos.club/","Missing"
"logggos","Logggos","github","https://www.logggos.club/","Missing"
"logggos","Logggos","video","https://www.logggos.club/","Missing"
"logggos","Logggos","framework","https://www.logggos.club/","Missing"
"logggos","Logggos","technology","https://www.logggos.club/","Missing"
"logggos","Logggos","httpStatus","https://www.logggos.club/","Missing"
"logggos","Logggos","redirectUrl","https://www.logggos.club/","Missing"
"logggos","Logggos","lastVerified","https://www.logggos.club/","Missing"
"louis-nguyen-startup","Louis Nguyen — Startup","slug","https://louisnguyen.co/startup","Missing"
"louis-nguyen-startup","Louis Nguyen — Startup","description","https://louisnguyen.co/startup","Missing"
"louis-nguyen-startup","Louis Nguyen — Startup","subcategory","https://louisnguyen.co/startup","Missing"
"louis-nguyen-startup","Louis Nguyen — Startup","demo","https://louisnguyen.co/startup","Missing"
"louis-nguyen-startup","Louis Nguyen — Startup","documentation","https://louisnguyen.co/startup","Missing"
"louis-nguyen-startup","Louis Nguyen — Startup","github","https://louisnguyen.co/startup","Missing"
"louis-nguyen-startup","Louis Nguyen — Startup","video","https://louisnguyen.co/startup","Missing"
"louis-nguyen-startup","Louis Nguyen — Startup","framework","https://louisnguyen.co/startup","Missing"
"louis-nguyen-startup","Louis Nguyen — Startup","technology","https://louisnguyen.co/startup","Missing"
"louis-nguyen-startup","Louis Nguyen — Startup","httpStatus","https://louisnguyen.co/startup","Missing"
"louis-nguyen-startup","Louis Nguyen — Startup","redirectUrl","https://louisnguyen.co/startup","Missing"
"louis-nguyen-startup","Louis Nguyen — Startup","lastVerified","https://louisnguyen.co/startup","Missing"
"mapcn","Mapcn","slug","https://www.mapcn.dev/","Missing"
"mapcn","Mapcn","description","https://www.mapcn.dev/","Missing"
"mapcn","Mapcn","subcategory","https://www.mapcn.dev/","Missing"
"mapcn","Mapcn","demo","https://www.mapcn.dev/","Missing"
"mapcn","Mapcn","documentation","https://www.mapcn.dev/","Missing"
"mapcn","Mapcn","github","https://www.mapcn.dev/","Missing"
"mapcn","Mapcn","video","https://www.mapcn.dev/","Missing"
"mapcn","Mapcn","framework","https://www.mapcn.dev/","Missing"
"mapcn","Mapcn","technology","https://www.mapcn.dev/","Missing"
"mapcn","Mapcn","httpStatus","https://www.mapcn.dev/","Missing"
"mapcn","Mapcn","redirectUrl","https://www.mapcn.dev/","Missing"
"mapcn","Mapcn","lastVerified","https://www.mapcn.dev/","Missing"
"marinoe-to-world","Marinoe to World","slug","https://marionietoworld.com/","Missing"
"marinoe-to-world","Marinoe to World","description","https://marionietoworld.com/","Missing"
"marinoe-to-world","Marinoe to World","subcategory","https://marionietoworld.com/","Missing"
"marinoe-to-world","Marinoe to World","demo","https://marionietoworld.com/","Missing"
"marinoe-to-world","Marinoe to World","documentation","https://marionietoworld.com/","Missing"
"marinoe-to-world","Marinoe to World","github","https://marionietoworld.com/","Missing"
"marinoe-to-world","Marinoe to World","video","https://marionietoworld.com/","Missing"
"marinoe-to-world","Marinoe to World","framework","https://marionietoworld.com/","Missing"
"marinoe-to-world","Marinoe to World","technology","https://marionietoworld.com/","Missing"
"marinoe-to-world","Marinoe to World","httpStatus","https://marionietoworld.com/","Missing"
"marinoe-to-world","Marinoe to World","redirectUrl","https://marionietoworld.com/","Missing"
"marinoe-to-world","Marinoe to World","lastVerified","https://marionietoworld.com/","Missing"
"metal-forge-xyz","Metal Forge XYZ","slug","https://metalforge.xyz/","Missing"
"metal-forge-xyz","Metal Forge XYZ","description","https://metalforge.xyz/","Missing"
"metal-forge-xyz","Metal Forge XYZ","subcategory","https://metalforge.xyz/","Missing"
"metal-forge-xyz","Metal Forge XYZ","demo","https://metalforge.xyz/","Missing"
"metal-forge-xyz","Metal Forge XYZ","documentation","https://metalforge.xyz/","Missing"
"metal-forge-xyz","Metal Forge XYZ","github","https://metalforge.xyz/","Missing"
"metal-forge-xyz","Metal Forge XYZ","video","https://metalforge.xyz/","Missing"
"metal-forge-xyz","Metal Forge XYZ","framework","https://metalforge.xyz/","Missing"
"metal-forge-xyz","Metal Forge XYZ","technology","https://metalforge.xyz/","Missing"
"metal-forge-xyz","Metal Forge XYZ","httpStatus","https://metalforge.xyz/","Missing"
"metal-forge-xyz","Metal Forge XYZ","redirectUrl","https://metalforge.xyz/","Missing"
"metal-forge-xyz","Metal Forge XYZ","lastVerified","https://metalforge.xyz/","Missing"
"microkit","Microkit","slug","https://microkit.co/","Missing"
"microkit","Microkit","description","https://microkit.co/","Missing"
"microkit","Microkit","subcategory","https://microkit.co/","Missing"
"microkit","Microkit","demo","https://microkit.co/","Missing"
"microkit","Microkit","documentation","https://microkit.co/","Missing"
"microkit","Microkit","github","https://microkit.co/","Missing"
"microkit","Microkit","video","https://microkit.co/","Missing"
"microkit","Microkit","framework","https://microkit.co/","Missing"
"microkit","Microkit","technology","https://microkit.co/","Missing"
"microkit","Microkit","httpStatus","https://microkit.co/","Missing"
"microkit","Microkit","redirectUrl","https://microkit.co/","Missing"
"microkit","Microkit","lastVerified","https://microkit.co/","Missing"
"minifolio","Minifolio","slug","https://www.minifolio.in/","Missing"
"minifolio","Minifolio","description","https://www.minifolio.in/","Missing"
"minifolio","Minifolio","subcategory","https://www.minifolio.in/","Missing"
"minifolio","Minifolio","demo","https://www.minifolio.in/","Missing"
"minifolio","Minifolio","documentation","https://www.minifolio.in/","Missing"
"minifolio","Minifolio","github","https://www.minifolio.in/","Missing"
"minifolio","Minifolio","video","https://www.minifolio.in/","Missing"
"minifolio","Minifolio","framework","https://www.minifolio.in/","Missing"
"minifolio","Minifolio","technology","https://www.minifolio.in/","Missing"
"minifolio","Minifolio","httpStatus","https://www.minifolio.in/","Missing"
"minifolio","Minifolio","redirectUrl","https://www.minifolio.in/","Missing"
"minifolio","Minifolio","lastVerified","https://www.minifolio.in/","Missing"
"motion-primitives","Motion Primitives","slug","https://motion-primitives.com/","Missing"
"motion-primitives","Motion Primitives","description","https://motion-primitives.com/","Missing"
"motion-primitives","Motion Primitives","subcategory","https://motion-primitives.com/","Missing"
"motion-primitives","Motion Primitives","demo","https://motion-primitives.com/","Missing"
"motion-primitives","Motion Primitives","documentation","https://motion-primitives.com/","Missing"
"motion-primitives","Motion Primitives","github","https://motion-primitives.com/","Missing"
"motion-primitives","Motion Primitives","video","https://motion-primitives.com/","Missing"
"motion-primitives","Motion Primitives","framework","https://motion-primitives.com/","Missing"
"motion-primitives","Motion Primitives","technology","https://motion-primitives.com/","Missing"
"motion-primitives","Motion Primitives","httpStatus","https://motion-primitives.com/","Missing"
"motion-primitives","Motion Primitives","redirectUrl","https://motion-primitives.com/","Missing"
"motion-primitives","Motion Primitives","lastVerified","https://motion-primitives.com/","Missing"
"motioon","Motioon","slug","https://mtioon.com/","Missing"
"motioon","Motioon","description","https://mtioon.com/","Missing"
"motioon","Motioon","subcategory","https://mtioon.com/","Missing"
"motioon","Motioon","demo","https://mtioon.com/","Missing"
"motioon","Motioon","documentation","https://mtioon.com/","Missing"
"motioon","Motioon","github","https://mtioon.com/","Missing"
"motioon","Motioon","video","https://mtioon.com/","Missing"
"motioon","Motioon","framework","https://mtioon.com/","Missing"
"motioon","Motioon","technology","https://mtioon.com/","Missing"
"motioon","Motioon","httpStatus","https://mtioon.com/","Missing"
"motioon","Motioon","redirectUrl","https://mtioon.com/","Missing"
"motioon","Motioon","lastVerified","https://mtioon.com/","Missing"
"movements-dev","Movements.dev","slug","https://www.movements.dev/","Missing"
"movements-dev","Movements.dev","description","https://www.movements.dev/","Missing"
"movements-dev","Movements.dev","subcategory","https://www.movements.dev/","Missing"
"movements-dev","Movements.dev","demo","https://www.movements.dev/","Missing"
"movements-dev","Movements.dev","documentation","https://www.movements.dev/","Missing"
"movements-dev","Movements.dev","github","https://www.movements.dev/","Missing"
"movements-dev","Movements.dev","video","https://www.movements.dev/","Missing"
"movements-dev","Movements.dev","framework","https://www.movements.dev/","Missing"
"movements-dev","Movements.dev","technology","https://www.movements.dev/","Missing"
"movements-dev","Movements.dev","httpStatus","https://www.movements.dev/","Missing"
"movements-dev","Movements.dev","redirectUrl","https://www.movements.dev/","Missing"
"movements-dev","Movements.dev","lastVerified","https://www.movements.dev/","Missing"
"movulab","Movulab","slug","https://movulab.fun/","Missing"
"movulab","Movulab","description","https://movulab.fun/","Missing"
"movulab","Movulab","subcategory","https://movulab.fun/","Missing"
"movulab","Movulab","demo","https://movulab.fun/","Missing"
"movulab","Movulab","documentation","https://movulab.fun/","Missing"
"movulab","Movulab","github","https://movulab.fun/","Missing"
"movulab","Movulab","video","https://movulab.fun/","Missing"
"movulab","Movulab","framework","https://movulab.fun/","Missing"
"movulab","Movulab","technology","https://movulab.fun/","Missing"
"movulab","Movulab","httpStatus","https://movulab.fun/","Missing"
"movulab","Movulab","redirectUrl","https://movulab.fun/","Missing"
"movulab","Movulab","lastVerified","https://movulab.fun/","Missing"
"nalysnyk-framer","Nalysnyk Framer","slug","https://vasya-nalysnyk.framer.website/","Missing"
"nalysnyk-framer","Nalysnyk Framer","description","https://vasya-nalysnyk.framer.website/","Missing"
"nalysnyk-framer","Nalysnyk Framer","subcategory","https://vasya-nalysnyk.framer.website/","Missing"
"nalysnyk-framer","Nalysnyk Framer","demo","https://vasya-nalysnyk.framer.website/","Missing"
"nalysnyk-framer","Nalysnyk Framer","documentation","https://vasya-nalysnyk.framer.website/","Missing"
"nalysnyk-framer","Nalysnyk Framer","github","https://vasya-nalysnyk.framer.website/","Missing"
"nalysnyk-framer","Nalysnyk Framer","video","https://vasya-nalysnyk.framer.website/","Missing"
"nalysnyk-framer","Nalysnyk Framer","framework","https://vasya-nalysnyk.framer.website/","Missing"
"nalysnyk-framer","Nalysnyk Framer","technology","https://vasya-nalysnyk.framer.website/","Missing"
"nalysnyk-framer","Nalysnyk Framer","httpStatus","https://vasya-nalysnyk.framer.website/","Missing"
"nalysnyk-framer","Nalysnyk Framer","redirectUrl","https://vasya-nalysnyk.framer.website/","Missing"
"nalysnyk-framer","Nalysnyk Framer","lastVerified","https://vasya-nalysnyk.framer.website/","Missing"
"notion-agents","Notion Agents","slug","https://apps.apple.com/us/app/notion-agents/id6759811964","Missing"
"notion-agents","Notion Agents","description","https://apps.apple.com/us/app/notion-agents/id6759811964","Missing"
"notion-agents","Notion Agents","subcategory","https://apps.apple.com/us/app/notion-agents/id6759811964","Missing"
"notion-agents","Notion Agents","demo","https://apps.apple.com/us/app/notion-agents/id6759811964","Missing"
"notion-agents","Notion Agents","documentation","https://apps.apple.com/us/app/notion-agents/id6759811964","Missing"
"notion-agents","Notion Agents","github","https://apps.apple.com/us/app/notion-agents/id6759811964","Missing"
"notion-agents","Notion Agents","video","https://apps.apple.com/us/app/notion-agents/id6759811964","Missing"
"notion-agents","Notion Agents","framework","https://apps.apple.com/us/app/notion-agents/id6759811964","Missing"
"notion-agents","Notion Agents","technology","https://apps.apple.com/us/app/notion-agents/id6759811964","Missing"
"notion-agents","Notion Agents","httpStatus","https://apps.apple.com/us/app/notion-agents/id6759811964","Missing"
"notion-agents","Notion Agents","redirectUrl","https://apps.apple.com/us/app/notion-agents/id6759811964","Missing"
"notion-agents","Notion Agents","lastVerified","https://apps.apple.com/us/app/notion-agents/id6759811964","Missing"
"ogimage-cn","Ogimage CN","slug","https://www.ogimagecn.com/","Missing"
"ogimage-cn","Ogimage CN","description","https://www.ogimagecn.com/","Missing"
"ogimage-cn","Ogimage CN","subcategory","https://www.ogimagecn.com/","Missing"
"ogimage-cn","Ogimage CN","demo","https://www.ogimagecn.com/","Missing"
"ogimage-cn","Ogimage CN","documentation","https://www.ogimagecn.com/","Missing"
"ogimage-cn","Ogimage CN","github","https://www.ogimagecn.com/","Missing"
"ogimage-cn","Ogimage CN","video","https://www.ogimagecn.com/","Missing"
"ogimage-cn","Ogimage CN","framework","https://www.ogimagecn.com/","Missing"
"ogimage-cn","Ogimage CN","technology","https://www.ogimagecn.com/","Missing"
"ogimage-cn","Ogimage CN","httpStatus","https://www.ogimagecn.com/","Missing"
"ogimage-cn","Ogimage CN","redirectUrl","https://www.ogimagecn.com/","Missing"
"ogimage-cn","Ogimage CN","lastVerified","https://www.ogimagecn.com/","Missing"
"ossium","Ossium","slug","https://ossium.in/","Missing"
"ossium","Ossium","description","https://ossium.in/","Missing"
"ossium","Ossium","subcategory","https://ossium.in/","Missing"
"ossium","Ossium","demo","https://ossium.in/","Missing"
"ossium","Ossium","documentation","https://ossium.in/","Missing"
"ossium","Ossium","github","https://ossium.in/","Missing"
"ossium","Ossium","video","https://ossium.in/","Missing"
"ossium","Ossium","framework","https://ossium.in/","Missing"
"ossium","Ossium","technology","https://ossium.in/","Missing"
"ossium","Ossium","httpStatus","https://ossium.in/","Missing"
"ossium","Ossium","redirectUrl","https://ossium.in/","Missing"
"ossium","Ossium","lastVerified","https://ossium.in/","Missing"
"pointilliser","Pointilliser","slug","https://pointilliser.elwyn.co/","Missing"
"pointilliser","Pointilliser","description","https://pointilliser.elwyn.co/","Missing"
"pointilliser","Pointilliser","subcategory","https://pointilliser.elwyn.co/","Missing"
"pointilliser","Pointilliser","demo","https://pointilliser.elwyn.co/","Missing"
"pointilliser","Pointilliser","documentation","https://pointilliser.elwyn.co/","Missing"
"pointilliser","Pointilliser","github","https://pointilliser.elwyn.co/","Missing"
"pointilliser","Pointilliser","video","https://pointilliser.elwyn.co/","Missing"
"pointilliser","Pointilliser","framework","https://pointilliser.elwyn.co/","Missing"
"pointilliser","Pointilliser","technology","https://pointilliser.elwyn.co/","Missing"
"pointilliser","Pointilliser","httpStatus","https://pointilliser.elwyn.co/","Missing"
"pointilliser","Pointilliser","redirectUrl","https://pointilliser.elwyn.co/","Missing"
"pointilliser","Pointilliser","lastVerified","https://pointilliser.elwyn.co/","Missing"
"pro-beui-dev","Pro BeUI Dev","slug","https://pro.beui.dev/","Missing"
"pro-beui-dev","Pro BeUI Dev","description","https://pro.beui.dev/","Missing"
"pro-beui-dev","Pro BeUI Dev","subcategory","https://pro.beui.dev/","Missing"
"pro-beui-dev","Pro BeUI Dev","demo","https://pro.beui.dev/","Missing"
"pro-beui-dev","Pro BeUI Dev","documentation","https://pro.beui.dev/","Missing"
"pro-beui-dev","Pro BeUI Dev","github","https://pro.beui.dev/","Missing"
"pro-beui-dev","Pro BeUI Dev","video","https://pro.beui.dev/","Missing"
"pro-beui-dev","Pro BeUI Dev","framework","https://pro.beui.dev/","Missing"
"pro-beui-dev","Pro BeUI Dev","technology","https://pro.beui.dev/","Missing"
"pro-beui-dev","Pro BeUI Dev","httpStatus","https://pro.beui.dev/","Missing"
"pro-beui-dev","Pro BeUI Dev","redirectUrl","https://pro.beui.dev/","Missing"
"pro-beui-dev","Pro BeUI Dev","lastVerified","https://pro.beui.dev/","Missing"
"railway-free-vm","Railway — Free VM","slug","https://railway.com/free-vm","Missing"
"railway-free-vm","Railway — Free VM","description","https://railway.com/free-vm","Missing"
"railway-free-vm","Railway — Free VM","subcategory","https://railway.com/free-vm","Missing"
"railway-free-vm","Railway — Free VM","demo","https://railway.com/free-vm","Missing"
"railway-free-vm","Railway — Free VM","documentation","https://railway.com/free-vm","Missing"
"railway-free-vm","Railway — Free VM","github","https://railway.com/free-vm","Missing"
"railway-free-vm","Railway — Free VM","video","https://railway.com/free-vm","Missing"
"railway-free-vm","Railway — Free VM","framework","https://railway.com/free-vm","Missing"
"railway-free-vm","Railway — Free VM","technology","https://railway.com/free-vm","Missing"
"railway-free-vm","Railway — Free VM","httpStatus","https://railway.com/free-vm","Missing"
"railway-free-vm","Railway — Free VM","redirectUrl","https://railway.com/free-vm","Missing"
"railway-free-vm","Railway — Free VM","lastVerified","https://railway.com/free-vm","Missing"
"react-bits","React Bits","slug","https://reactbits.dev/","Missing"
"react-bits","React Bits","description","https://reactbits.dev/","Missing"
"react-bits","React Bits","subcategory","https://reactbits.dev/","Missing"
"react-bits","React Bits","demo","https://reactbits.dev/","Missing"
"react-bits","React Bits","documentation","https://reactbits.dev/","Missing"
"react-bits","React Bits","github","https://reactbits.dev/","Missing"
"react-bits","React Bits","video","https://reactbits.dev/","Missing"
"react-bits","React Bits","framework","https://reactbits.dev/","Missing"
"react-bits","React Bits","technology","https://reactbits.dev/","Missing"
"react-bits","React Bits","httpStatus","https://reactbits.dev/","Missing"
"react-bits","React Bits","redirectUrl","https://reactbits.dev/","Missing"
"react-bits","React Bits","lastVerified","https://reactbits.dev/","Missing"
"reelfolio","Reelfolio","slug","https://reelfolio.io/","Missing"
"reelfolio","Reelfolio","description","https://reelfolio.io/","Missing"
"reelfolio","Reelfolio","subcategory","https://reelfolio.io/","Missing"
"reelfolio","Reelfolio","demo","https://reelfolio.io/","Missing"
"reelfolio","Reelfolio","documentation","https://reelfolio.io/","Missing"
"reelfolio","Reelfolio","github","https://reelfolio.io/","Missing"
"reelfolio","Reelfolio","video","https://reelfolio.io/","Missing"
"reelfolio","Reelfolio","framework","https://reelfolio.io/","Missing"
"reelfolio","Reelfolio","technology","https://reelfolio.io/","Missing"
"reelfolio","Reelfolio","httpStatus","https://reelfolio.io/","Missing"
"reelfolio","Reelfolio","redirectUrl","https://reelfolio.io/","Missing"
"reelfolio","Reelfolio","lastVerified","https://reelfolio.io/","Missing"
"search-system","Search System","slug","https://searchsystem.co/","Missing"
"search-system","Search System","description","https://searchsystem.co/","Missing"
"search-system","Search System","subcategory","https://searchsystem.co/","Missing"
"search-system","Search System","demo","https://searchsystem.co/","Missing"
"search-system","Search System","documentation","https://searchsystem.co/","Missing"
"search-system","Search System","github","https://searchsystem.co/","Missing"
"search-system","Search System","video","https://searchsystem.co/","Missing"
"search-system","Search System","framework","https://searchsystem.co/","Missing"
"search-system","Search System","technology","https://searchsystem.co/","Missing"
"search-system","Search System","httpStatus","https://searchsystem.co/","Missing"
"search-system","Search System","redirectUrl","https://searchsystem.co/","Missing"
"search-system","Search System","lastVerified","https://searchsystem.co/","Missing"
"seomade","Seomade","slug","https://seomade.app/","Missing"
"seomade","Seomade","description","https://seomade.app/","Missing"
"seomade","Seomade","subcategory","https://seomade.app/","Missing"
"seomade","Seomade","demo","https://seomade.app/","Missing"
"seomade","Seomade","documentation","https://seomade.app/","Missing"
"seomade","Seomade","github","https://seomade.app/","Missing"
"seomade","Seomade","video","https://seomade.app/","Missing"
"seomade","Seomade","framework","https://seomade.app/","Missing"
"seomade","Seomade","technology","https://seomade.app/","Missing"
"seomade","Seomade","httpStatus","https://seomade.app/","Missing"
"seomade","Seomade","redirectUrl","https://seomade.app/","Missing"
"seomade","Seomade","lastVerified","https://seomade.app/","Missing"
"skiper-ui","Skiper UI","slug","https://skiper-ui.com/","Missing"
"skiper-ui","Skiper UI","description","https://skiper-ui.com/","Missing"
"skiper-ui","Skiper UI","subcategory","https://skiper-ui.com/","Missing"
"skiper-ui","Skiper UI","demo","https://skiper-ui.com/","Missing"
"skiper-ui","Skiper UI","documentation","https://skiper-ui.com/","Missing"
"skiper-ui","Skiper UI","github","https://skiper-ui.com/","Missing"
"skiper-ui","Skiper UI","video","https://skiper-ui.com/","Missing"
"skiper-ui","Skiper UI","framework","https://skiper-ui.com/","Missing"
"skiper-ui","Skiper UI","technology","https://skiper-ui.com/","Missing"
"skiper-ui","Skiper UI","httpStatus","https://skiper-ui.com/","Missing"
"skiper-ui","Skiper UI","redirectUrl","https://skiper-ui.com/","Missing"
"skiper-ui","Skiper UI","lastVerified","https://skiper-ui.com/","Missing"
"space-type-generator","Space Type Generator","slug","https://spacetypegenerator.com/","Missing"
"space-type-generator","Space Type Generator","description","https://spacetypegenerator.com/","Missing"
"space-type-generator","Space Type Generator","subcategory","https://spacetypegenerator.com/","Missing"
"space-type-generator","Space Type Generator","demo","https://spacetypegenerator.com/","Missing"
"space-type-generator","Space Type Generator","documentation","https://spacetypegenerator.com/","Missing"
"space-type-generator","Space Type Generator","github","https://spacetypegenerator.com/","Missing"
"space-type-generator","Space Type Generator","video","https://spacetypegenerator.com/","Missing"
"space-type-generator","Space Type Generator","framework","https://spacetypegenerator.com/","Missing"
"space-type-generator","Space Type Generator","technology","https://spacetypegenerator.com/","Missing"
"space-type-generator","Space Type Generator","httpStatus","https://spacetypegenerator.com/","Missing"
"space-type-generator","Space Type Generator","redirectUrl","https://spacetypegenerator.com/","Missing"
"space-type-generator","Space Type Generator","lastVerified","https://spacetypegenerator.com/","Missing"
"spherium","Spherium","slug","https://tryspherium.com/","Missing"
"spherium","Spherium","description","https://tryspherium.com/","Missing"
"spherium","Spherium","subcategory","https://tryspherium.com/","Missing"
"spherium","Spherium","demo","https://tryspherium.com/","Missing"
"spherium","Spherium","documentation","https://tryspherium.com/","Missing"
"spherium","Spherium","github","https://tryspherium.com/","Missing"
"spherium","Spherium","video","https://tryspherium.com/","Missing"
"spherium","Spherium","framework","https://tryspherium.com/","Missing"
"spherium","Spherium","technology","https://tryspherium.com/","Missing"
"spherium","Spherium","httpStatus","https://tryspherium.com/","Missing"
"spherium","Spherium","redirectUrl","https://tryspherium.com/","Missing"
"spherium","Spherium","lastVerified","https://tryspherium.com/","Missing"
"string-tune","String Tune","slug","https://string-tune.fiddle.digital/","Missing"
"string-tune","String Tune","description","https://string-tune.fiddle.digital/","Missing"
"string-tune","String Tune","subcategory","https://string-tune.fiddle.digital/","Missing"
"string-tune","String Tune","demo","https://string-tune.fiddle.digital/","Missing"
"string-tune","String Tune","documentation","https://string-tune.fiddle.digital/","Missing"
"string-tune","String Tune","github","https://string-tune.fiddle.digital/","Missing"
"string-tune","String Tune","video","https://string-tune.fiddle.digital/","Missing"
"string-tune","String Tune","framework","https://string-tune.fiddle.digital/","Missing"
"string-tune","String Tune","technology","https://string-tune.fiddle.digital/","Missing"
"string-tune","String Tune","httpStatus","https://string-tune.fiddle.digital/","Missing"
"string-tune","String Tune","redirectUrl","https://string-tune.fiddle.digital/","Missing"
"string-tune","String Tune","lastVerified","https://string-tune.fiddle.digital/","Missing"
"supply-made-by-oversight","Supply Made By Oversight","slug","https://supply.madebyoversight.com/","Missing"
"supply-made-by-oversight","Supply Made By Oversight","description","https://supply.madebyoversight.com/","Missing"
"supply-made-by-oversight","Supply Made By Oversight","subcategory","https://supply.madebyoversight.com/","Missing"
"supply-made-by-oversight","Supply Made By Oversight","demo","https://supply.madebyoversight.com/","Missing"
"supply-made-by-oversight","Supply Made By Oversight","documentation","https://supply.madebyoversight.com/","Missing"
"supply-made-by-oversight","Supply Made By Oversight","github","https://supply.madebyoversight.com/","Missing"
"supply-made-by-oversight","Supply Made By Oversight","video","https://supply.madebyoversight.com/","Missing"
"supply-made-by-oversight","Supply Made By Oversight","framework","https://supply.madebyoversight.com/","Missing"
"supply-made-by-oversight","Supply Made By Oversight","technology","https://supply.madebyoversight.com/","Missing"
"supply-made-by-oversight","Supply Made By Oversight","httpStatus","https://supply.madebyoversight.com/","Missing"
"supply-made-by-oversight","Supply Made By Oversight","redirectUrl","https://supply.madebyoversight.com/","Missing"
"supply-made-by-oversight","Supply Made By Oversight","lastVerified","https://supply.madebyoversight.com/","Missing"
"tailark","Tailark","slug","https://tailark.com/","Missing"
"tailark","Tailark","description","https://tailark.com/","Missing"
"tailark","Tailark","subcategory","https://tailark.com/","Missing"
"tailark","Tailark","demo","https://tailark.com/","Missing"
"tailark","Tailark","documentation","https://tailark.com/","Missing"
"tailark","Tailark","github","https://tailark.com/","Missing"
"tailark","Tailark","video","https://tailark.com/","Missing"
"tailark","Tailark","framework","https://tailark.com/","Missing"
"tailark","Tailark","technology","https://tailark.com/","Missing"
"tailark","Tailark","httpStatus","https://tailark.com/","Missing"
"tailark","Tailark","redirectUrl","https://tailark.com/","Missing"
"tailark","Tailark","lastVerified","https://tailark.com/","Missing"
"tasteful-interfaces","Tasteful Interfaces","slug","https://kombai.com/selects/","Missing"
"tasteful-interfaces","Tasteful Interfaces","description","https://kombai.com/selects/","Missing"
"tasteful-interfaces","Tasteful Interfaces","subcategory","https://kombai.com/selects/","Missing"
"tasteful-interfaces","Tasteful Interfaces","demo","https://kombai.com/selects/","Missing"
"tasteful-interfaces","Tasteful Interfaces","documentation","https://kombai.com/selects/","Missing"
"tasteful-interfaces","Tasteful Interfaces","github","https://kombai.com/selects/","Missing"
"tasteful-interfaces","Tasteful Interfaces","video","https://kombai.com/selects/","Missing"
"tasteful-interfaces","Tasteful Interfaces","framework","https://kombai.com/selects/","Missing"
"tasteful-interfaces","Tasteful Interfaces","technology","https://kombai.com/selects/","Missing"
"tasteful-interfaces","Tasteful Interfaces","httpStatus","https://kombai.com/selects/","Missing"
"tasteful-interfaces","Tasteful Interfaces","redirectUrl","https://kombai.com/selects/","Missing"
"tasteful-interfaces","Tasteful Interfaces","lastVerified","https://kombai.com/selects/","Missing"
"tester-army-e2e","Tester Army — E2E","slug","https://tester.army/e2e","Missing"
"tester-army-e2e","Tester Army — E2E","description","https://tester.army/e2e","Missing"
"tester-army-e2e","Tester Army — E2E","subcategory","https://tester.army/e2e","Missing"
"tester-army-e2e","Tester Army — E2E","demo","https://tester.army/e2e","Missing"
"tester-army-e2e","Tester Army — E2E","documentation","https://tester.army/e2e","Missing"
"tester-army-e2e","Tester Army — E2E","github","https://tester.army/e2e","Missing"
"tester-army-e2e","Tester Army — E2E","video","https://tester.army/e2e","Missing"
"tester-army-e2e","Tester Army — E2E","framework","https://tester.army/e2e","Missing"
"tester-army-e2e","Tester Army — E2E","technology","https://tester.army/e2e","Missing"
"tester-army-e2e","Tester Army — E2E","httpStatus","https://tester.army/e2e","Missing"
"tester-army-e2e","Tester Army — E2E","redirectUrl","https://tester.army/e2e","Missing"
"tester-army-e2e","Tester Army — E2E","lastVerified","https://tester.army/e2e","Missing"
"ui-arc","UI Arc","slug","https://uiarc.dev/","Missing"
"ui-arc","UI Arc","description","https://uiarc.dev/","Missing"
"ui-arc","UI Arc","subcategory","https://uiarc.dev/","Missing"
"ui-arc","UI Arc","demo","https://uiarc.dev/","Missing"
"ui-arc","UI Arc","documentation","https://uiarc.dev/","Missing"
"ui-arc","UI Arc","github","https://uiarc.dev/","Missing"
"ui-arc","UI Arc","video","https://uiarc.dev/","Missing"
"ui-arc","UI Arc","framework","https://uiarc.dev/","Missing"
"ui-arc","UI Arc","technology","https://uiarc.dev/","Missing"
"ui-arc","UI Arc","httpStatus","https://uiarc.dev/","Missing"
"ui-arc","UI Arc","redirectUrl","https://uiarc.dev/","Missing"
"ui-arc","UI Arc","lastVerified","https://uiarc.dev/","Missing"
"ui-verse","UI Verse","slug","https://uiverse.io/","Missing"
"ui-verse","UI Verse","description","https://uiverse.io/","Missing"
"ui-verse","UI Verse","subcategory","https://uiverse.io/","Missing"
"ui-verse","UI Verse","demo","https://uiverse.io/","Missing"
"ui-verse","UI Verse","documentation","https://uiverse.io/","Missing"
"ui-verse","UI Verse","github","https://uiverse.io/","Missing"
"ui-verse","UI Verse","video","https://uiverse.io/","Missing"
"ui-verse","UI Verse","framework","https://uiverse.io/","Missing"
"ui-verse","UI Verse","technology","https://uiverse.io/","Missing"
"ui-verse","UI Verse","httpStatus","https://uiverse.io/","Missing"
"ui-verse","UI Verse","redirectUrl","https://uiverse.io/","Missing"
"ui-verse","UI Verse","lastVerified","https://uiverse.io/","Missing"
"umanmade","Umanmade","slug","https://www.umanmade.com/","Missing"
"umanmade","Umanmade","description","https://www.umanmade.com/","Missing"
"umanmade","Umanmade","subcategory","https://www.umanmade.com/","Missing"
"umanmade","Umanmade","demo","https://www.umanmade.com/","Missing"
"umanmade","Umanmade","documentation","https://www.umanmade.com/","Missing"
"umanmade","Umanmade","github","https://www.umanmade.com/","Missing"
"umanmade","Umanmade","video","https://www.umanmade.com/","Missing"
"umanmade","Umanmade","framework","https://www.umanmade.com/","Missing"
"umanmade","Umanmade","technology","https://www.umanmade.com/","Missing"
"umanmade","Umanmade","httpStatus","https://www.umanmade.com/","Missing"
"umanmade","Umanmade","redirectUrl","https://www.umanmade.com/","Missing"
"umanmade","Umanmade","lastVerified","https://www.umanmade.com/","Missing"
"unique-transition","Unique Transition","slug","https://unique-transition-between-grid-and.vercel.app/","Missing"
"unique-transition","Unique Transition","description","https://unique-transition-between-grid-and.vercel.app/","Missing"
"unique-transition","Unique Transition","subcategory","https://unique-transition-between-grid-and.vercel.app/","Missing"
"unique-transition","Unique Transition","demo","https://unique-transition-between-grid-and.vercel.app/","Missing"
"unique-transition","Unique Transition","documentation","https://unique-transition-between-grid-and.vercel.app/","Missing"
"unique-transition","Unique Transition","github","https://unique-transition-between-grid-and.vercel.app/","Missing"
"unique-transition","Unique Transition","video","https://unique-transition-between-grid-and.vercel.app/","Missing"
"unique-transition","Unique Transition","framework","https://unique-transition-between-grid-and.vercel.app/","Missing"
"unique-transition","Unique Transition","technology","https://unique-transition-between-grid-and.vercel.app/","Missing"
"unique-transition","Unique Transition","httpStatus","https://unique-transition-between-grid-and.vercel.app/","Missing"
"unique-transition","Unique Transition","redirectUrl","https://unique-transition-between-grid-and.vercel.app/","Missing"
"unique-transition","Unique Transition","lastVerified","https://unique-transition-between-grid-and.vercel.app/","Missing"
"urbanly","Urbanly","slug","https://urbanly.org/","Missing"
"urbanly","Urbanly","description","https://urbanly.org/","Missing"
"urbanly","Urbanly","subcategory","https://urbanly.org/","Missing"
"urbanly","Urbanly","demo","https://urbanly.org/","Missing"
"urbanly","Urbanly","documentation","https://urbanly.org/","Missing"
"urbanly","Urbanly","github","https://urbanly.org/","Missing"
"urbanly","Urbanly","video","https://urbanly.org/","Missing"
"urbanly","Urbanly","framework","https://urbanly.org/","Missing"
"urbanly","Urbanly","technology","https://urbanly.org/","Missing"
"urbanly","Urbanly","httpStatus","https://urbanly.org/","Missing"
"urbanly","Urbanly","redirectUrl","https://urbanly.org/","Missing"
"urbanly","Urbanly","lastVerified","https://urbanly.org/","Missing"
"vector-halftone-maker","Vector Halftone Maker","slug","https://halftone.xoihazard.com/","Missing"
"vector-halftone-maker","Vector Halftone Maker","description","https://halftone.xoihazard.com/","Missing"
"vector-halftone-maker","Vector Halftone Maker","subcategory","https://halftone.xoihazard.com/","Missing"
"vector-halftone-maker","Vector Halftone Maker","demo","https://halftone.xoihazard.com/","Missing"
"vector-halftone-maker","Vector Halftone Maker","documentation","https://halftone.xoihazard.com/","Missing"
"vector-halftone-maker","Vector Halftone Maker","github","https://halftone.xoihazard.com/","Missing"
"vector-halftone-maker","Vector Halftone Maker","video","https://halftone.xoihazard.com/","Missing"
"vector-halftone-maker","Vector Halftone Maker","framework","https://halftone.xoihazard.com/","Missing"
"vector-halftone-maker","Vector Halftone Maker","technology","https://halftone.xoihazard.com/","Missing"
"vector-halftone-maker","Vector Halftone Maker","httpStatus","https://halftone.xoihazard.com/","Missing"
"vector-halftone-maker","Vector Halftone Maker","redirectUrl","https://halftone.xoihazard.com/","Missing"
"vector-halftone-maker","Vector Halftone Maker","lastVerified","https://halftone.xoihazard.com/","Missing"
"wieslaw-soltes-pdfspace","Wieslaw Soltes — PdfSpace","slug","https://wieslawsoltes.github.io/PdfSpace/","Missing"
"wieslaw-soltes-pdfspace","Wieslaw Soltes — PdfSpace","description","https://wieslawsoltes.github.io/PdfSpace/","Missing"
"wieslaw-soltes-pdfspace","Wieslaw Soltes — PdfSpace","subcategory","https://wieslawsoltes.github.io/PdfSpace/","Missing"
"wieslaw-soltes-pdfspace","Wieslaw Soltes — PdfSpace","demo","https://wieslawsoltes.github.io/PdfSpace/","Missing"
"wieslaw-soltes-pdfspace","Wieslaw Soltes — PdfSpace","documentation","https://wieslawsoltes.github.io/PdfSpace/","Missing"
"wieslaw-soltes-pdfspace","Wieslaw Soltes — PdfSpace","github","https://wieslawsoltes.github.io/PdfSpace/","Missing"
"wieslaw-soltes-pdfspace","Wieslaw Soltes — PdfSpace","video","https://wieslawsoltes.github.io/PdfSpace/","Missing"
"wieslaw-soltes-pdfspace","Wieslaw Soltes — PdfSpace","framework","https://wieslawsoltes.github.io/PdfSpace/","Missing"
"wieslaw-soltes-pdfspace","Wieslaw Soltes — PdfSpace","technology","https://wieslawsoltes.github.io/PdfSpace/","Missing"
"wieslaw-soltes-pdfspace","Wieslaw Soltes — PdfSpace","httpStatus","https://wieslawsoltes.github.io/PdfSpace/","Missing"
"wieslaw-soltes-pdfspace","Wieslaw Soltes — PdfSpace","redirectUrl","https://wieslawsoltes.github.io/PdfSpace/","Missing"
"wieslaw-soltes-pdfspace","Wieslaw Soltes — PdfSpace","lastVerified","https://wieslawsoltes.github.io/PdfSpace/","Missing"
"zoah","Zoah","slug","https://zoah.com/","Missing"
"zoah","Zoah","description","https://zoah.com/","Missing"
"zoah","Zoah","subcategory","https://zoah.com/","Missing"
"zoah","Zoah","demo","https://zoah.com/","Missing"
"zoah","Zoah","documentation","https://zoah.com/","Missing"
"zoah","Zoah","github","https://zoah.com/","Missing"
"zoah","Zoah","video","https://zoah.com/","Missing"
"zoah","Zoah","framework","https://zoah.com/","Missing"
"zoah","Zoah","technology","https://zoah.com/","Missing"
"zoah","Zoah","httpStatus","https://zoah.com/","Missing"
"zoah","Zoah","redirectUrl","https://zoah.com/","Missing"
"zoah","Zoah","lastVerified","https://zoah.com/","Missing"
"book-of-shapes","Book of Shapes","slug","https://bookofshapes.com/","Missing"
"book-of-shapes","Book of Shapes","description","https://bookofshapes.com/","Missing"
"book-of-shapes","Book of Shapes","subcategory","https://bookofshapes.com/","Missing"
"book-of-shapes","Book of Shapes","demo","https://bookofshapes.com/","Missing"
"book-of-shapes","Book of Shapes","documentation","https://bookofshapes.com/","Missing"
"book-of-shapes","Book of Shapes","github","https://bookofshapes.com/","Missing"
"book-of-shapes","Book of Shapes","video","https://bookofshapes.com/","Missing"
"book-of-shapes","Book of Shapes","framework","https://bookofshapes.com/","Missing"
"book-of-shapes","Book of Shapes","technology","https://bookofshapes.com/","Missing"
"book-of-shapes","Book of Shapes","httpStatus","https://bookofshapes.com/","Missing"
"book-of-shapes","Book of Shapes","redirectUrl","https://bookofshapes.com/","Missing"
"book-of-shapes","Book of Shapes","lastVerified","https://bookofshapes.com/","Missing"
"evil-charts","Evil Charts","slug","https://evilcharts.com/","Missing"
"evil-charts","Evil Charts","description","https://evilcharts.com/","Missing"
"evil-charts","Evil Charts","subcategory","https://evilcharts.com/","Missing"
"evil-charts","Evil Charts","demo","https://evilcharts.com/","Missing"
"evil-charts","Evil Charts","documentation","https://evilcharts.com/","Missing"
"evil-charts","Evil Charts","github","https://evilcharts.com/","Missing"
"evil-charts","Evil Charts","video","https://evilcharts.com/","Missing"
"evil-charts","Evil Charts","framework","https://evilcharts.com/","Missing"
"evil-charts","Evil Charts","technology","https://evilcharts.com/","Missing"
"evil-charts","Evil Charts","httpStatus","https://evilcharts.com/","Missing"
"evil-charts","Evil Charts","redirectUrl","https://evilcharts.com/","Missing"
"evil-charts","Evil Charts","lastVerified","https://evilcharts.com/","Missing"
"generative-charts","Generative Charts","slug","https://generativecharts.com/","Missing"
"generative-charts","Generative Charts","description","https://generativecharts.com/","Missing"
"generative-charts","Generative Charts","subcategory","https://generativecharts.com/","Missing"
"generative-charts","Generative Charts","demo","https://generativecharts.com/","Missing"
"generative-charts","Generative Charts","documentation","https://generativecharts.com/","Missing"
"generative-charts","Generative Charts","github","https://generativecharts.com/","Missing"
"generative-charts","Generative Charts","video","https://generativecharts.com/","Missing"
"generative-charts","Generative Charts","framework","https://generativecharts.com/","Missing"
"generative-charts","Generative Charts","technology","https://generativecharts.com/","Missing"
"generative-charts","Generative Charts","httpStatus","https://generativecharts.com/","Missing"
"generative-charts","Generative Charts","redirectUrl","https://generativecharts.com/","Missing"
"generative-charts","Generative Charts","lastVerified","https://generativecharts.com/","Missing"
"ide-extension-shadcn-ui","IDE Extension — Shadcn UI","slug","https://www.shadcnblocks.com/ide-extension","Missing"
"ide-extension-shadcn-ui","IDE Extension — Shadcn UI","description","https://www.shadcnblocks.com/ide-extension","Missing"
"ide-extension-shadcn-ui","IDE Extension — Shadcn UI","subcategory","https://www.shadcnblocks.com/ide-extension","Missing"
"ide-extension-shadcn-ui","IDE Extension — Shadcn UI","demo","https://www.shadcnblocks.com/ide-extension","Missing"
"ide-extension-shadcn-ui","IDE Extension — Shadcn UI","documentation","https://www.shadcnblocks.com/ide-extension","Missing"
"ide-extension-shadcn-ui","IDE Extension — Shadcn UI","github","https://www.shadcnblocks.com/ide-extension","Missing"
"ide-extension-shadcn-ui","IDE Extension — Shadcn UI","video","https://www.shadcnblocks.com/ide-extension","Missing"
"ide-extension-shadcn-ui","IDE Extension — Shadcn UI","framework","https://www.shadcnblocks.com/ide-extension","Missing"
"ide-extension-shadcn-ui","IDE Extension — Shadcn UI","technology","https://www.shadcnblocks.com/ide-extension","Missing"
"ide-extension-shadcn-ui","IDE Extension — Shadcn UI","httpStatus","https://www.shadcnblocks.com/ide-extension","Missing"
"ide-extension-shadcn-ui","IDE Extension — Shadcn UI","redirectUrl","https://www.shadcnblocks.com/ide-extension","Missing"
"ide-extension-shadcn-ui","IDE Extension — Shadcn UI","lastVerified","https://www.shadcnblocks.com/ide-extension","Missing"
"shad-cn-ui-admin-dashboard","Shad CN UI — Admin Dashboard","slug","https://www.shadcnblocks.com/admin-dashboard","Missing"
"shad-cn-ui-admin-dashboard","Shad CN UI — Admin Dashboard","description","https://www.shadcnblocks.com/admin-dashboard","Missing"
"shad-cn-ui-admin-dashboard","Shad CN UI — Admin Dashboard","subcategory","https://www.shadcnblocks.com/admin-dashboard","Missing"
"shad-cn-ui-admin-dashboard","Shad CN UI — Admin Dashboard","demo","https://www.shadcnblocks.com/admin-dashboard","Missing"
"shad-cn-ui-admin-dashboard","Shad CN UI — Admin Dashboard","documentation","https://www.shadcnblocks.com/admin-dashboard","Missing"
"shad-cn-ui-admin-dashboard","Shad CN UI — Admin Dashboard","github","https://www.shadcnblocks.com/admin-dashboard","Missing"
"shad-cn-ui-admin-dashboard","Shad CN UI — Admin Dashboard","video","https://www.shadcnblocks.com/admin-dashboard","Missing"
"shad-cn-ui-admin-dashboard","Shad CN UI — Admin Dashboard","framework","https://www.shadcnblocks.com/admin-dashboard","Missing"
"shad-cn-ui-admin-dashboard","Shad CN UI — Admin Dashboard","technology","https://www.shadcnblocks.com/admin-dashboard","Missing"
"shad-cn-ui-admin-dashboard","Shad CN UI — Admin Dashboard","httpStatus","https://www.shadcnblocks.com/admin-dashboard","Missing"
"shad-cn-ui-admin-dashboard","Shad CN UI — Admin Dashboard","redirectUrl","https://www.shadcnblocks.com/admin-dashboard","Missing"
"shad-cn-ui-admin-dashboard","Shad CN UI — Admin Dashboard","lastVerified","https://www.shadcnblocks.com/admin-dashboard","Missing"
"shadcn-app-shell","Shadcn App Shell","slug","https://reui.io/blocks/application/app-shell","Missing"
"shadcn-app-shell","Shadcn App Shell","description","https://reui.io/blocks/application/app-shell","Missing"
"shadcn-app-shell","Shadcn App Shell","subcategory","https://reui.io/blocks/application/app-shell","Missing"
"shadcn-app-shell","Shadcn App Shell","demo","https://reui.io/blocks/application/app-shell","Missing"
"shadcn-app-shell","Shadcn App Shell","documentation","https://reui.io/blocks/application/app-shell","Missing"
"shadcn-app-shell","Shadcn App Shell","github","https://reui.io/blocks/application/app-shell","Missing"
"shadcn-app-shell","Shadcn App Shell","video","https://reui.io/blocks/application/app-shell","Missing"
"shadcn-app-shell","Shadcn App Shell","framework","https://reui.io/blocks/application/app-shell","Missing"
"shadcn-app-shell","Shadcn App Shell","technology","https://reui.io/blocks/application/app-shell","Missing"
"shadcn-app-shell","Shadcn App Shell","httpStatus","https://reui.io/blocks/application/app-shell","Missing"
"shadcn-app-shell","Shadcn App Shell","redirectUrl","https://reui.io/blocks/application/app-shell","Missing"
"shadcn-app-shell","Shadcn App Shell","lastVerified","https://reui.io/blocks/application/app-shell","Missing"
"shadcn-registry-directory","Shadcn Registry Directory","slug","https://shoogle.dev/directory","Missing"
"shadcn-registry-directory","Shadcn Registry Directory","description","https://shoogle.dev/directory","Missing"
"shadcn-registry-directory","Shadcn Registry Directory","subcategory","https://shoogle.dev/directory","Missing"
"shadcn-registry-directory","Shadcn Registry Directory","demo","https://shoogle.dev/directory","Missing"
"shadcn-registry-directory","Shadcn Registry Directory","documentation","https://shoogle.dev/directory","Missing"
"shadcn-registry-directory","Shadcn Registry Directory","github","https://shoogle.dev/directory","Missing"
"shadcn-registry-directory","Shadcn Registry Directory","video","https://shoogle.dev/directory","Missing"
"shadcn-registry-directory","Shadcn Registry Directory","framework","https://shoogle.dev/directory","Missing"
"shadcn-registry-directory","Shadcn Registry Directory","technology","https://shoogle.dev/directory","Missing"
"shadcn-registry-directory","Shadcn Registry Directory","httpStatus","https://shoogle.dev/directory","Missing"
"shadcn-registry-directory","Shadcn Registry Directory","redirectUrl","https://shoogle.dev/directory","Missing"
"shadcn-registry-directory","Shadcn Registry Directory","lastVerified","https://shoogle.dev/directory","Missing"
"shadcn-ui","ShadCN UI","slug","https://ui.shadcn.com/","Missing"
"shadcn-ui","ShadCN UI","description","https://ui.shadcn.com/","Missing"
"shadcn-ui","ShadCN UI","subcategory","https://ui.shadcn.com/","Missing"
"shadcn-ui","ShadCN UI","demo","https://ui.shadcn.com/","Missing"
"shadcn-ui","ShadCN UI","documentation","https://ui.shadcn.com/","Missing"
"shadcn-ui","ShadCN UI","github","https://ui.shadcn.com/","Missing"
"shadcn-ui","ShadCN UI","video","https://ui.shadcn.com/","Missing"
"shadcn-ui","ShadCN UI","framework","https://ui.shadcn.com/","Missing"
"shadcn-ui","ShadCN UI","technology","https://ui.shadcn.com/","Missing"
"shadcn-ui","ShadCN UI","httpStatus","https://ui.shadcn.com/","Missing"
"shadcn-ui","ShadCN UI","redirectUrl","https://ui.shadcn.com/","Missing"
"shadcn-ui","ShadCN UI","lastVerified","https://ui.shadcn.com/","Missing"
"swift-ux-app-membership-card-paywall","Swift UX App — Membership Card Paywall","slug","https://www.swiftux.app/uicomponents/membership-card-paywall","Missing"
"swift-ux-app-membership-card-paywall","Swift UX App — Membership Card Paywall","description","https://www.swiftux.app/uicomponents/membership-card-paywall","Missing"
"swift-ux-app-membership-card-paywall","Swift UX App — Membership Card Paywall","subcategory","https://www.swiftux.app/uicomponents/membership-card-paywall","Missing"
"swift-ux-app-membership-card-paywall","Swift UX App — Membership Card Paywall","demo","https://www.swiftux.app/uicomponents/membership-card-paywall","Missing"
"swift-ux-app-membership-card-paywall","Swift UX App — Membership Card Paywall","documentation","https://www.swiftux.app/uicomponents/membership-card-paywall","Missing"
"swift-ux-app-membership-card-paywall","Swift UX App — Membership Card Paywall","github","https://www.swiftux.app/uicomponents/membership-card-paywall","Missing"
"swift-ux-app-membership-card-paywall","Swift UX App — Membership Card Paywall","video","https://www.swiftux.app/uicomponents/membership-card-paywall","Missing"
"swift-ux-app-membership-card-paywall","Swift UX App — Membership Card Paywall","framework","https://www.swiftux.app/uicomponents/membership-card-paywall","Missing"
"swift-ux-app-membership-card-paywall","Swift UX App — Membership Card Paywall","technology","https://www.swiftux.app/uicomponents/membership-card-paywall","Missing"
"swift-ux-app-membership-card-paywall","Swift UX App — Membership Card Paywall","httpStatus","https://www.swiftux.app/uicomponents/membership-card-paywall","Missing"
"swift-ux-app-membership-card-paywall","Swift UX App — Membership Card Paywall","redirectUrl","https://www.swiftux.app/uicomponents/membership-card-paywall","Missing"
"swift-ux-app-membership-card-paywall","Swift UX App — Membership Card Paywall","lastVerified","https://www.swiftux.app/uicomponents/membership-card-paywall","Missing"
